FirstName,LastName,Email,Gender,StreetAddress
Dannie,McCormack,dmccormack0@go.com,Male,80231 Michigan Drive
Kattie,Stokoe,kstokoe1@geocities.com,Genderqueer,7471 Service Way
Fernandina,Krauss,fkrauss2@timesonline.co.uk,Genderfluid,970 Nobel Terrace
Kaile,Suthren,ksuthren3@de.vu,Bigender,5 American Hill
Callean,Bryers,cbryers4@unesco.org,,4487 Johnson Circle
Justinn,Gehrts,jgehrts5@dagondesign.com,,98 Jay Terrace
Elisha,Penhale,epenhale6@examiner.com,Polygender,
Stace,Walcher,swalcher7@goo.gl,Non-binary,6917 Hauk Plaza
Bertrando,Geard,bgeard8@wikia.com,Agender,312 Northwestern Plaza
Pablo,Tilzey,ptilzey9@ebay.com,Non-binary,
Gerianna,Topliss,gtoplissa@cloudflare.com,Male,243 Maywood Hill
Nichol,Oakeshott,noakeshottb@alexa.com,Bigender,2681 Columbus Junction
Eliot,Carus,ecarusc@geocities.jp,Male,6 Bellgrove Pass
Nanice,Parsall,,Genderqueer,9350 Old Shore Pass
Vevay,,,Bigender,5 Pierstorff Parkway
Sarita,Sutherns,ssuthernsf@delicious.com,Bigender,
Tierney,Szimon,tszimong@joomla.org,,04487 Union Court
Meaghan,Yakovich,,Genderqueer,6750 Duke Center
Stan,Pillington,spillingtoni@odnoklassniki.ru,Non-binary,3430 West Crossing
Skipton,Chesswas,schesswasj@weibo.com,Agender,
Moyra,Bambury,mbamburyk@telegraph.co.uk,Polygender,034 Hazelcrest Circle
Randie,Gueste,rguestel@phpbb.com,,920 Lake View Road
Minny,Edmott,medmottm@tripadvisor.com,Non-binary,7636 Elmside Drive
Jena,Hellier,jhelliern@yale.edu,Genderfluid,7148 Kenwood Center
Lennard,Nestle,lnestleo@ebay.com,Female,687 Northfield Court
Willdon,Klimpke,wklimpkep@hc360.com,Agender,
Ronna,Brankley,,Polygender,405 Hintze Place
Kamilah,Gillam,kgillamr@zdnet.com,Female,62743 Pierstorff Street
Taylor,Muckle,,Bigender,24434 Pond Center
Winnah,Menghi,,,55 Talmadge Parkway
Joey,Olenichev,jolenichevu@mozilla.org,Genderfluid,95 Golf Course Court
Aubrette,Tippings,atippingsv@google.ru,Non-binary,0164 Truax Drive
Quill,Collister,qcollisterw@mapy.cz,Male,18060 Bultman Trail
Amandy,Lenard,alenardx@livejournal.com,Genderfluid,28711 Aberg Lane
Dorri,Strettle,dstrettley@google.co.uk,Genderfluid,6758 Butternut Crossing
Waring,Madgin,wmadginz@columbia.edu,Genderfluid,8530 Oriole Place
Bat,Wong,bwong10@vinaora.com,,0 Texas Parkway
Jared,Girogetti,,Genderqueer,
Con,Mattiacci,cmattiacci12@skype.com,,
Shane,Roocroft,sroocroft13@webnode.com,Female,4 Stang Terrace
Kala,Scourgie,kscourgie14@buzzfeed.com,,5831 Farwell Place
Baxter,Whetnall,,Genderfluid,29 Myrtle Plaza
Con,Seawell,cseawell16@friendfeed.com,Genderqueer,1 Grayhawk Park
Kittie,Garbert,kgarbert17@amazonaws.com,Female,
Lucina,Blackey,lblackey18@sakura.ne.jp,Female,0352 Towne Place
Salvidor,Minister,sminister19@huffingtonpost.com,Bigender,560 Kingsford Drive
Durant,MacGillicuddy,dmacgillicuddy1a@rakuten.co.jp,Male,6192 Mosinee Pass
Vallie,Hammor,vhammor1b@china.com.cn,,063 John Wall Trail
Auguste,Romanski,aromanski1c@phpbb.com,Agender,0731 Nancy Center
Ardine,Whyatt,awhyatt1d@pagesperso-orange.fr,,14 Bunker Hill Park
Wallis,Mattisssen,wmattisssen1e@skyrock.com,Non-binary,49959 Trailsway Court
Ruddie,McCalum,rmccalum1f@virginia.edu,Bigender,017 Blue Bill Park Circle
Sandi,Olufsen,solufsen1g@nymag.com,Polygender,00966 Trailsway Trail
Douglas,Northley,dnorthley1h@bbb.org,Male,
Denver,Lerwell,dlerwell1i@fotki.com,,1 Loftsgordon Crossing
Blaire,Culleford,bculleford1j@howstuffworks.com,,4108 Mariners Cove Lane
Arin,Dunbobbin,adunbobbin1k@salon.com,,18 Mitchell Junction
Lira,Millwall,,Polygender,124 Hollow Ridge Avenue
Nert,Gehricke,ngehricke1m@furl.net,,54 Carioca Trail
Kaitlin,Samson,ksamson1n@mashable.com,Male,60 Hoard Park
Selia,Volkes,svolkes1o@360.cn,,6 Kropf Street
Dorisa,Jeffs,djeffs1p@typepad.com,Male,53 Northwestern Court
Isaiah,Kynaston,ikynaston1q@umich.edu,Male,2225 Mandrake Lane
Dyana,Goodred,dgoodred1r@msu.edu,Bigender,
Vanessa,Pinckney,vpinckney1s@narod.ru,Bigender,
Arlene,Pearse,,Non-binary,41105 Duke Court
William,Veitch,wveitch1u@cbc.ca,Genderfluid,5729 Meadow Valley Way
Bruno,Dunkinson,,,
Ava,Costi,acosti1w@shareasale.com,Bigender,56366 Independence Point
Obediah,Thor,othor1x@drupal.org,,07 Helena Street
Loria,Broadbury,lbroadbury1y@discovery.com,,1 Becker Crossing
Hollyanne,,handriveaux1z@accuweather.com,Polygender,938 Elka Park
Stanislaus,Harnott,,Genderfluid,687 Eastwood Place
Killie,Althorpe,kalthorpe21@rakuten.co.jp,Non-binary,
Marcille,Luddy,,Male,822 Graceland Street
Noll,Dutnell,ndutnell23@ocn.ne.jp,Genderqueer,40128 David Plaza
Kele,Goodoune,,Genderqueer,
Michaelina,Ashton,mashton25@arizona.edu,Female,
Hashim,Geare,hgeare26@imageshack.us,Agender,82 Elka Pass
Hetti,Ewens,hewens27@home.pl,,078 Orin Court
Lanie,Mitchely,,Genderfluid,8030 Fordem Court
Izzy,Schoenrock,ischoenrock29@cloudflare.com,Genderqueer,
Georas,,,Polygender,83 Crescent Oaks Center
Alvira,Izhakov,aizhakov2b@answers.com,,6 Florence Hill
Gavan,Ventom,gventom2c@who.int,Male,
Bessy,Golton,,Non-binary,364 Comanche Way
Dav,Feaks,dfeaks2e@blogtalkradio.com,,54737 Becker Lane
Lenee,Orgen,lorgen2f@nytimes.com,Bigender,
Luke,Morena,lmorena2g@123-reg.co.uk,Bigender,003 Springs Plaza
Hyacinthia,Pidgeon,hpidgeon2h@wikipedia.org,Polygender,
Dicky,Sprouls,dsprouls2i@imdb.com,Genderqueer,242 Kings Road
Sandy,Laurent,slaurent2j@seattletimes.com,Non-binary,28 Wayridge Pass
Clare,Haldene,chaldene2k@wp.com,Genderfluid,880 Kennedy Junction
Sophia,Pygott,,Polygender,1 Lukken Court
Quint,Cowdry,,Polygender,26 Cascade Alley
Steffen,Collier,,Genderqueer,
Arda,Goman,,Female,
Gare,Palister,gpalister2p@typepad.com,Male,70 Jana Drive
Durward,Toulson,dtoulson2q@youtu.be,Non-binary,31 Northridge Trail
Sutherland,Conn,sconn2r@walmart.com,,45865 Mariners Cove Street
Valentin,Huddles,vhuddles2s@topsy.com,Genderfluid,0145 Hooker Hill
Aube,Hulse,ahulse2t@fc2.com,Male,
Zarah,Dominec,zdominec2u@unc.edu,,41 Pankratz Court
Coraline,Gusticke,cgusticke2v@google.com,Genderqueer,5761 Anderson Center
Melitta,Mold,,Polygender,
Stephenie,Wanley,,,741 Bartillon Street
Aldrich,Fern,,Polygender,8413 Drewry Drive
Abdul,Empleton,aempleton2z@desdev.cn,Female,7 Eastwood Crossing
Bern,McEnhill,bmcenhill30@wsj.com,,62 Little Fleur Place
Cosme,Twinning,ctwinning31@unc.edu,,7258 Meadow Valley Center
Alfredo,Dragoe,,Polygender,53 Scofield Drive
Odelia,Lissandri,olissandri33@lycos.com,,
Sumner,Hawler,shawler34@phpbb.com,Genderfluid,43 New Castle Terrace
Delphine,Paolillo,dpaolillo35@addtoany.com,Bigender,75 Graceland Terrace
Iris,Blacktin,iblacktin36@noaa.gov,,9 South Center
Freedman,Trevers,ftrevers37@freewebs.com,Non-binary,54 Leroy Pass
Liliane,Domenico,ldomenico38@myspace.com,Female,15704 Meadow Vale Way
Frazer,Posnett,fposnett39@java.com,,6893 Coolidge Hill
Ryun,Dineges,rdineges3a@imageshack.us,Genderqueer,582 Kipling Plaza
Dorey,Trinke,,,2593 Jenna Center
Titus,Gotthard,,Polygender,49801 Melby Trail
Arabele,Slay,aslay3d@last.fm,,25 West Road
Hildagard,Crippell,hcrippell3e@ask.com,Non-binary,7 Sundown Way
Gilbertine,Raubenheimer,graubenheimer3f@plala.or.jp,Non-binary,8 Moose Terrace
Lefty,Goodacre,lgoodacre3g@chronoengine.com,Female,81 Troy Crossing
Emlynn,Frankum,efrankum3h@vk.com,Non-binary,6183 Nova Park
Nadeen,Antoniewski,,Male,85 Butterfield Avenue
Kira,Fulcher,kfulcher3j@usda.gov,,0 Bellgrove Lane
Calli,Summerell,csummerell3k@dion.ne.jp,Polygender,791 Sage Circle
Daloris,Hathway,dhathway3l@123-reg.co.uk,Non-binary,85680 Crest Line Crossing
Garold,Champion,gchampion3m@domainmarket.com,Male,1750 Westridge Street
Jarrett,Pirrie,jpirrie3n@webeden.co.uk,,2197 Kensington Place
Manya,McGarva,,Genderfluid,63266 Bonner Drive
Carr,Murison,cmurison3p@privacy.gov.au,,74 Macpherson Hill
Ketty,Stratton,,Male,0292 Reinke Terrace
Yoko,,ycashman3r@amazonaws.com,Genderfluid,8 Butterfield Street
Judon,Ghioni,jghioni3s@dell.com,,
Tris,Lambert-Ciorwyn,tlambertciorwyn3t@umn.edu,,528 Vidon Parkway
Vasilis,Tavernor,vtavernor3u@opensource.org,Female,20 Morrow Drive
Georges,Wulfinger,gwulfinger3v@amazon.co.uk,,541 Erie Terrace
Erv,Devlin,edevlin3w@barnesandnoble.com,Genderfluid,673 Walton Trail
Arlinda,Nertney,anertney3x@latimes.com,,17 Ludington Parkway
Daloris,Parr,dparr3y@prweb.com,Genderqueer,5296 Debra Parkway
Nickey,Finnimore,,,4 Brentwood Court
Avril,Massel,,,484 Kings Pass
Melissa,Whardley,mwhardley41@dedecms.com,Male,6858 Chive Street
Tamma,Windrus,,Genderqueer,
Queenie,Outram,,Polygender,8 Anniversary Pass
Nona,Bridgett,nbridgett44@istockphoto.com,Non-binary,
Rhianna,Pellman,rpellman45@barnesandnoble.com,Male,917 Ronald Regan Road
Hadria,Luckey,hluckey46@nhs.uk,Polygender,8 Fuller Junction
Mahmoud,Jenkinson,mjenkinson47@cdc.gov,Non-binary,4262 Fordem Center
Anneliese,Ciani,,Bigender,
Bealle,Grinikhinov,bgrinikhinov49@cdbaby.com,Agender,01 Anzinger Point
Felice,McPhelimey,fmcphelimey4a@networkadvertising.org,Non-binary,2 Browning Crossing
Orran,Ibbison,oibbison4b@dmoz.org,Agender,
Christy,Duxbury,cduxbury4c@msu.edu,,407 Harbort Parkway
Justino,Keddy,jkeddy4d@ftc.gov,,3978 Lakewood Gardens Way
Julie,Dewar,jdewar4e@friendfeed.com,,22 Bartillon Circle
Karolina,Ellerby,kellerby4f@nih.gov,Non-binary,982 Saint Paul Alley
Vinny,Mussen,,Genderqueer,2 La Follette Lane
Therese,Moniker,tmoniker4h@nationalgeographic.com,Genderfluid,13 Spenser Trail
Gene,Yepiskov,gyepiskov4i@constantcontact.com,,4907 Miller Drive
Cherice,Mee,,,
Elianora,Down,edown4k@latimes.com,Male,
Fredrika,Baudasso,fbaudasso4l@arstechnica.com,Genderqueer,1 Cardinal Park
Mill,Poulson,mpoulson4m@noaa.gov,Female,76 Forest Run Hill
Dalt,McGeneay,,,
Farlee,Norville,fnorville4o@fema.gov,Agender,4752 Alpine Hill
Fannie,Di Maggio,fdimaggio4p@imgur.com,Genderqueer,70 Jackson Drive
Sybila,Malatalant,,Agender,578 Dahle Drive
Lisle,Peile,,Non-binary,1321 Fremont Court
Tobey,Crunden,tcrunden4s@engadget.com,Agender,91319 Vahlen Way
Stoddard,Penelli,spenelli4t@chicagotribune.com,Genderfluid,
Nealson,Fransman,,Genderqueer,550 Sherman Alley
Taber,Elloy,telloy4v@seesaa.net,Female,81 Victoria Road
Adriano,Dumphrey,adumphrey4w@eepurl.com,Non-binary,79 Gulseth Park
Lana,Hampshire,lhampshire4x@mediafire.com,Male,6 Forest Run Alley
Aveline,Stuchburie,astuchburie4y@bizjournals.com,Agender,
Aubine,Birwhistle,abirwhistle4z@goodreads.com,Genderqueer,712 Namekagon Center
Jessy,Polye,jpolye50@livejournal.com,Bigender,98372 Larry Drive
Lilly,,ljancso51@techcrunch.com,Genderfluid,149 Debra Place
Channa,,,Polygender,5563 Steensland Junction
Doro,Pylkynyton,dpylkynyton53@cisco.com,,38 Valley Edge Parkway
Munroe,Blasli,,Genderfluid,075 Michigan Way
Jorrie,Cave,jcave55@oracle.com,,602 Russell Road
Fifine,Deniskevich,fdeniskevich56@topsy.com,Male,2027 Mendota Avenue
Georas,Kiehl,,Genderfluid,
Shellie,Ding,sding58@twitpic.com,Male,7587 Blackbird Trail
Hermione,Robottham,hrobottham59@cloudflare.com,Agender,43 Florence Drive
Chrisy,Sharpous,csharpous5a@quantcast.com,,
Doris,Haquin,dhaquin5b@hexun.com,,94 Bashford Circle
Menard,Dominico,,Genderqueer,6 Arapahoe Parkway
Evvy,Kent,,Genderfluid,53 Mesta Road
Wernher,Purser,wpurser5e@about.me,Non-binary,482 Starling Park
Letizia,Breens,lbreens5f@telegraph.co.uk,Male,389 Walton Plaza
Arlen,Friedank,afriedank5g@unblog.fr,Agender,
Aldin,Aleswell,aaleswell5h@smugmug.com,,45 Stoughton Lane
Brianne,Jennaway,,Non-binary,8242 Prairie Rose Crossing
Irene,M'Chirrie,imchirrie5j@zdnet.com,Agender,767 Fremont Avenue
Vittorio,Regenhardt,vregenhardt5k@altervista.org,,62217 Bellgrove Pass
Darby,Klosa,dklosa5l@ebay.co.uk,,909 Independence Road
Huntington,Laffin,hlaffin5m@bloglovin.com,,44976 Saint Paul Pass
Sarita,McIlwreath,smcilwreath5n@symantec.com,Agender,5813 Bay Hill
Isis,Hallad,ihallad5o@ehow.com,Polygender,9 Northview Avenue
Wildon,Barson,wbarson5p@marriott.com,,5 Prairie Rose Road
Bertram,Thacker,bthacker5q@hubpages.com,,616 Melby Center
Martyn,Heberden,mheberden5r@multiply.com,Agender,62847 Schiller Pass
Korella,Nardrup,,Polygender,7993 Del Mar Lane
Coleman,Affuso,caffuso5t@t.co,,065 Transport Center
Misty,D'Cruze,mdcruze5u@paginegialle.it,Male,087 Eastlawn Court
Alisha,Emloch,aemloch5v@umich.edu,Genderqueer,2 Elmside Circle
Marsiella,Notti,mnotti5w@facebook.com,Genderfluid,5599 Bartillon Junction
Noam,Meharry,,Polygender,562 Prairieview Parkway
Raimundo,Geldert,rgeldert5y@utexas.edu,Agender,1 Cordelia Crossing
Orren,Coote,,Genderfluid,42513 Dottie Street
Lela,Ewebank,lewebank60@yelp.com,Female,0161 Little Fleur Street
Allegra,Paroni,aparoni61@examiner.com,Genderfluid,99154 High Crossing Alley
Ole,Acedo,oacedo62@who.int,Bigender,
Javier,Keaton,jkeaton63@java.com,Polygender,0 Lakewood Point
Silva,Pymer,spymer64@netscape.com,Agender,4 Grayhawk Way
Alysa,Stratley,,,
Kacy,Tidd,ktidd66@blogspot.com,Polygender,1 Helena Pass
Merla,Paolazzi,,,
Wolf,Hawtry,whawtry68@tamu.edu,Agender,
Nevil,Meegin,nmeegin69@cnbc.com,,8754 Redwing Place
Lelah,Goldson,,Male,167 Bobwhite Plaza
Cherrita,Candie,ccandie6b@zimbio.com,,788 Rusk Way
Chiquia,Lindl,,,18929 Hagan Drive
Audrie,Bleackley,ableackley6d@hao123.com,,4574 Claremont Parkway
Ax,Vanichkin,avanichkin6e@meetup.com,Genderqueer,5 Meadow Valley Crossing
Marigold,Baldcock,mbaldcock6f@homestead.com,Female,26842 Merrick Trail
Frazier,McInnes,fmcinnes6g@parallels.com,Polygender,8 Thompson Way
Geordie,,gsangster6h@mysql.com,Female,02 Burrows Place
Beniamino,Rocco,brocco6i@mayoclinic.com,Agender,736 Mallory Pass
Jennifer,Lillo,,Non-binary,975 Sherman Trail
Herculie,Jewis,,Non-binary,218 Ludington Pass
Mylo,Rookledge,mrookledge6l@naver.com,,6767 Northport Court
Davide,Milbank,dmilbank6m@nyu.edu,Agender,665 Portage Circle
Gwendolyn,Fawckner,,Female,2169 Transport Court
Fidela,Mollene,fmollene6o@baidu.com,Agender,42788 Sullivan Park
Gerianne,Dowber,gdowber6p@state.gov,Genderqueer,260 Eggendart Circle
Quinn,Monks,qmonks6q@google.fr,Genderqueer,9971 Fuller Point
Devondra,Lyal,dlyal6r@wisc.edu,Genderqueer,68 Nova Street
Abbott,Philot,aphilot6s@live.com,,651 Burrows Way
Ruttger,Stott,rstott6t@123-reg.co.uk,,7 Warrior Court
Aimee,McKeurton,,Genderqueer,2 Sachtjen Hill
Raymond,Hancox,rhancox6v@plala.or.jp,,84691 Norway Maple Way
Leanora,Howselee,,Genderqueer,5 Saint Paul Circle
Shem,Mahody,,,14 Lakewood Street
Janette,Acosta,jacosta6y@icq.com,Genderqueer,
Kimbra,Ash,kash6z@g.co,Male,
Josephina,McKyrrelly,jmckyrrelly70@goodreads.com,Genderqueer,
Lynn,Semiras,lsemiras71@bravesites.com,,88445 Veith Trail
Nikolas,Whiteside,nwhiteside72@marriott.com,Male,
Franky,Jojic,fjojic73@istockphoto.com,Bigender,12 Sunbrook Street
Caria,Van Der Hoog,,,02642 Toban Trail
Abel,O' Brian,aobrian75@bluehost.com,Non-binary,19644 Sullivan Junction
Frieda,Linnitt,flinnitt76@opera.com,,85973 Maryland Drive
Lavena,Foxen,,,812 Cascade Parkway
Linn,Twells,ltwells78@theguardian.com,,6 Southridge Avenue
Tootsie,Cafferty,tcafferty79@nyu.edu,Genderfluid,03821 Rusk Park
Calley,Crowch,,,7331 Mandrake Trail
Gauthier,Yardy,gyardy7b@disqus.com,Polygender,54611 Sherman Place
Evvy,Crassweller,ecrassweller7c@amazonaws.com,,645 Gerald Circle
Yasmeen,Viel,yviel7d@devhub.com,Bigender,6076 Fuller Street
Judy,Brabham,jbrabham7e@surveymonkey.com,Polygender,
Pavel,Sivills,,Male,315 Utah Crossing
Virginia,Beddo,vbeddo7g@gizmodo.com,Female,255 West Center
Garfield,Clavering,gclavering7h@oaic.gov.au,Agender,886 Tomscot Avenue
Welch,Cleugher,,Agender,768 Drewry Plaza
Kristofer,Farenden,kfarenden7j@ucoz.com,Bigender,7940 Moose Street
Junina,Hyman,jhyman7k@nps.gov,Genderqueer,3 Brentwood Way
Merridie,Simounet,msimounet7l@amazon.co.uk,Bigender,669 Maryland Drive
Dimitri,Pattie,dpattie7m@imageshack.us,,21 Anthes Crossing
Geneva,Lashbrook,glashbrook7n@linkedin.com,Polygender,
Vally,Luckham,vluckham7o@go.com,Genderfluid,668 Northfield Place
Reggy,Seamark,rseamark7p@shutterfly.com,Female,7939 Starling Junction
Darcy,Barbour,dbarbour7q@biglobe.ne.jp,Male,78 Eliot Way
Garek,Kittles,,Agender,198 Dexter Alley
Daria,Spadoni,dspadoni7s@yahoo.co.jp,,72087 Leroy Drive
Mitchel,Clemonts,mclemonts7t@unblog.fr,Non-binary,
Karlotte,Raith,,Male,06319 Pankratz Lane
Everard,Lilbourne,elilbourne7v@amazonaws.com,,86 Corben Point
Olympe,Sapsed,osapsed7w@seattletimes.com,,
Kirby,Pember,kpember7x@angelfire.com,Genderfluid,497 Rowland Circle
Laurie,Stanluck,,Genderqueer,8093 Karstens Pass
Cristina,Pleasants,,,68 Monument Trail
Sollie,Mushrow,,Bigender,5511 Glendale Hill
Lauraine,Dufer,ldufer81@springer.com,Bigender,30695 Warbler Trail
Nanine,Grewar,ngrewar82@uiuc.edu,,74054 Claremont Center
Selina,Tonnesen,stonnesen83@weather.com,,34 Truax Trail
Sherwin,Silber,ssilber84@pinterest.com,Agender,0260 Darwin Park
Monah,Jurkiewicz,mjurkiewicz85@cargocollective.com,Female,9295 Truax Parkway
Kelwin,De Roos,kderoos86@huffingtonpost.com,Polygender,4906 Kim Pass
Violette,Doorey,vdoorey87@loc.gov,Male,518 Kenwood Drive
Gladi,Dodgson,gdodgson88@phpbb.com,,608 Hoard Trail
Forest,Girard,,Genderqueer,
Garrard,McNeely,gmcneely8a@netscape.com,,27 Redwing Circle
Thaddus,Earles,tearles8b@chronoengine.com,Genderfluid,0 Nova Circle
Micah,Molloy,,Non-binary,26 Carberry Place
Lilas,Flageul,,Female,130 Jenna Hill
Riki,,rfrensche8e@sfgate.com,Agender,10 Cambridge Point
Anastasie,Riggey,ariggey8f@imdb.com,,4239 Toban Place
Candi,Feldstein,cfeldstein8g@pbs.org,Non-binary,
Kit,Sivier,ksivier8h@geocities.com,Female,44817 Warrior Alley
Cordie,Jacomb,cjacomb8i@alexa.com,,1 Boyd Crossing
Pryce,Lozano,plozano8j@wp.com,Male,
Deborah,Salvadori,dsalvadori8k@over-blog.com,Polygender,
Leif,Adlem,ladlem8l@bloglines.com,Bigender,1 Arizona Plaza
Corrie,Pycock,cpycock8m@accuweather.com,Polygender,1532 Fair Oaks Parkway
Cam,Gaul,cgaul8n@flickr.com,Female,0 2nd Circle
Lynnette,Fronzek,,Bigender,9510 Kensington Drive
Brion,Stiell,bstiell8p@senate.gov,Male,1796 Blaine Terrace
Abigael,Cristofolini,acristofolini8q@pinterest.com,,65033 Autumn Leaf Circle
Clarisse,Elgram,celgram8r@live.com,Non-binary,94495 Eliot Circle
Maurie,Kingsley,mkingsley8s@geocities.jp,Agender,
Alane,Dahlman,,,337 Dapin Pass
Christos,Carradice,ccarradice8u@ucoz.com,Agender,9824 Northport Court
Kathie,Lackington,,Female,64 Fordem Hill
Nichole,Sedworth,nsedworth8w@businessinsider.com,,
Freddy,Elliker,felliker8x@lycos.com,Genderqueer,1803 Sachtjen Junction
Wilmer,Ringrose,wringrose8y@unicef.org,Female,884 Little Fleur Crossing
Klarrisa,Brompton,,Male,91 Crownhardt Alley
Giovanni,Allder,gallder90@youtube.com,,81 Lukken Center
Friedrich,Fazackerley,ffazackerley91@mysql.com,Genderfluid,98 Park Meadow Road
Yolanda,Cusick,ycusick92@163.com,,29 Kim Crossing
Curr,Skerm,cskerm93@umich.edu,Polygender,3 Maple Wood Alley
Monroe,Burril,mburril94@comsenz.com,Female,7 Meadow Vale Pass
Donnajean,Raven,draven95@foxnews.com,Agender,8750 Shasta Hill
Vilma,Crips,,Agender,
Edyth,Audibert,,,
Olivette,De-Ville,odeville98@parallels.com,Genderqueer,746 Carioca Road
Eachelle,Ferriman,eferriman99@wp.com,Genderqueer,9896 Barby Alley
Ulrich,Tattersfield,utattersfield9a@addthis.com,Female,61 Hooker Hill
Keene,Diter,kditer9b@google.co.jp,Polygender,6897 Kennedy Circle
Mathias,Gerding,mgerding9c@redcross.org,,8 Rockefeller Hill
Orelle,Grayshon,ograyshon9d@umn.edu,Genderfluid,01959 Delaware Park
Kirby,Fosdyke,kfosdyke9e@instagram.com,Agender,7995 Spohn Pass
Kurt,Bygrave,kbygrave9f@npr.org,Female,91 Nancy Parkway
Briny,Quadri,bquadri9g@booking.com,,1 Kinsman Junction
Margeaux,Lindenberg,mlindenberg9h@walmart.com,Non-binary,3 Maryland Place
Caty,Lacroutz,,Male,3 Anhalt Terrace
Nikolas,Connah,nconnah9j@disqus.com,Male,
Thaddeus,Roelofsen,troelofsen9k@canalblog.com,Genderfluid,8869 Birchwood Lane
Biron,Berthelmot,bberthelmot9l@symantec.com,Agender,22 Northfield Plaza
Chilton,Lednor,clednor9m@cmu.edu,,
Ellette,Ortsmann,eortsmann9n@bandcamp.com,Polygender,024 High Crossing Center
Papageno,Geistbeck,pgeistbeck9o@angelfire.com,Polygender,
Nancie,McCheyne,nmccheyne9p@51.la,Bigender,46 Schmedeman Park
Beverie,MacMeanma,bmacmeanma9q@elegantthemes.com,,51260 Anthes Trail
Lyndel,Pechell,lpechell9r@wikimedia.org,,
Hugh,Treweela,htreweela9s@cyberchimps.com,,3 Wayridge Park
Prisca,Buttel,pbuttel9t@comcast.net,,
Odette,Yukhnov,oyukhnov9u@comcast.net,Bigender,44773 Saint Paul Parkway
Karmen,Ridd,kridd9v@ox.ac.uk,Bigender,29011 Mallard Hill
Maurine,Frankes,mfrankes9w@nasa.gov,,87 Atwood Pass
Gwynne,Greber,ggreber9x@home.pl,Male,95247 Bayside Road
Arv,Snare,asnare9y@arstechnica.com,,1966 Hoard Terrace
Sisely,Krale,skrale9z@creativecommons.org,Polygender,175 Sunnyside Way
Thibaut,Riccioppo,triccioppoa0@etsy.com,Genderqueer,58157 Golf Point
Benedikta,Harse,,,0457 Bluejay Avenue
Alain,Gayter,agaytera2@washingtonpost.com,Genderfluid,6 Charing Cross Hill
Delila,Yashnov,dyashnova3@mashable.com,,6 Twin Pines Street
Kippy,Kubacek,kkubaceka4@globo.com,,0343 Onsgard Circle
Ara,Astill,,Non-binary,91004 Luster Trail
Foster,Coates,fcoatesa6@drupal.org,Bigender,45 Glacier Hill Plaza
Agnes,Dodimead,,,
Myrna,Larratt,mlarratta8@nps.gov,,6 Rusk Way
Merrick,Lightollers,mlightollersa9@cornell.edu,Female,0403 Logan Way
Sasha,Barme,sbarmeaa@patch.com,,5 Sachtjen Street
Arnuad,Shiers,,,0 Spenser Parkway
Ofelia,Hinckesman,ohinckesmanac@wp.com,Non-binary,86 Dawn Court
Lauretta,Koppens,lkoppensad@miitbeian.gov.cn,Bigender,
Dionne,Jimpson,djimpsonae@histats.com,Female,
Sloane,Chorley,schorleyaf@shinystat.com,Genderfluid,35294 Oakridge Trail
Eleonora,Norquoy,enorquoyag@t.co,,1802 5th Hill
Angelita,Clayden,aclaydenah@hhs.gov,Male,690 Merry Center
Brit,Petris,,,1881 Buell Pass
Dav,Bohlje,dbohljeaj@weather.com,Non-binary,
Karilynn,Mallen,kmallenak@histats.com,Non-binary,089 Springview Way
Caren,Tonepohl,ctonepohlal@ifeng.com,,76 Corry Plaza
Alexei,Scohier,ascohieram@hubpages.com,Genderfluid,71 Pawling Avenue
Reinwald,Hubbuck,rhubbuckan@elpais.com,Genderqueer,75 Mifflin Lane
Brendis,Sandells,bsandellsao@g.co,,78496 Hazelcrest Crossing
Kimberlyn,Ellyatt,kellyattap@vinaora.com,Non-binary,56 Northland Lane
Ole,Wray,,Genderfluid,9 Waubesa Trail
Brit,Tolmie,btolmiear@hhs.gov,,77 Grim Avenue
Coralie,Sainer,csaineras@jugem.jp,,0340 Anhalt Avenue
Valerie,Side,vsideat@g.co,Bigender,7 Hansons Circle
Ceil,Billes,cbillesau@dmoz.org,Genderfluid,2 Jay Place
Werner,Pratton,wprattonav@google.co.jp,Polygender,056 Dexter Place
Melania,Gullan,mgullanaw@stanford.edu,Polygender,35 Anderson Road
Nicola,Cathee,ncatheeax@shutterfly.com,Male,652 Mariners Cove Drive
Jeffry,Nuemann,,Genderfluid,876 Moulton Center
Maury,Clink,mclinkaz@virginia.edu,,0 Scott Alley
Giorgia,Corbet,gcorbetb0@devhub.com,,04 Sunbrook Avenue
Bran,Darrach,bdarrachb1@mtv.com,Bigender,70920 Northport Street
Shaughn,Van De Cappelle,svandecappelleb2@hatena.ne.jp,Polygender,629 Lukken Hill
Lanie,Fleming,lflemingb3@mlb.com,Polygender,4618 Valley Edge Pass
Gayle,Edy,gedyb4@who.int,Male,7 Scofield Center
Oliviero,Seydlitz,oseydlitzb5@so-net.ne.jp,Polygender,9255 Miller Court
Margaretha,McGeoch,mmcgeochb6@army.mil,Polygender,
Husain,Yakunchikov,hyakunchikovb7@w3.org,,8 Helena Road
Dimitry,Stedell,dstedellb8@behance.net,,343 Dennis Lane
Prentiss,Yerrill,pyerrillb9@cmu.edu,Genderqueer,91 Maryland Street
Egbert,Ambrogi,eambrogiba@harvard.edu,,77 Everett Trail
Saundra,Isaacs,sisaacsbb@oaic.gov.au,Bigender,9347 Waywood Place
Sallee,Warrier,,Agender,6 Declaration Terrace
Kerrin,Tatham,ktathambd@bbb.org,Bigender,74 Pennsylvania Center
Newton,Dowles,,Agender,90326 Dexter Lane
Culley,Brigman,cbrigmanbf@mlb.com,Agender,7 Dayton Court
Claudie,Westwick,cwestwickbg@scientificamerican.com,,26882 Farwell Center
Fionnula,Burchill,fburchillbh@weebly.com,Bigender,
Ida,Woodfield,iwoodfieldbi@furl.net,Genderqueer,15 Lyons Pass
Nikaniki,Trundell,ntrundellbj@example.com,Male,448 Sunnyside Crossing
Nathalie,Chew,nchewbk@businessinsider.com,Agender,3720 4th Parkway
Stefa,Cooley,scooleybl@buzzfeed.com,Genderqueer,446 Monument Trail
Kelsey,Dowthwaite,kdowthwaitebm@irs.gov,Female,1 Merry Alley
Malva,Lidbetter,mlidbetterbn@symantec.com,Polygender,
Carter,Blemen,,Genderqueer,409 Fairfield Pass
Joaquin,California,jcaliforniabp@delicious.com,Genderfluid,4334 Armistice Street
Izabel,Harle,iharlebq@plala.or.jp,Non-binary,8801 Ridgeview Road
Barnaby,Robardet,brobardetbr@macromedia.com,Agender,
Alexine,Snaden,asnadenbs@marketwatch.com,Female,1220 Jenna Plaza
Marni,Carlett,mcarlettbt@state.gov,,4673 Green Ridge Pass
Rachelle,Hiddersley,,Polygender,8212 Green Street
Pernell,MacCole,pmaccolebv@bbb.org,Genderfluid,481 Homewood Park
Janel,Millington,jmillingtonbw@blogtalkradio.com,Non-binary,52 Shopko Pass
Nesta,Ghilardi,nghilardibx@whitehouse.gov,Bigender,662 Longview Circle
Jaimie,Ivetts,jivettsby@opera.com,Genderqueer,623 Mockingbird Park
Ferrell,Foxen,,Female,87620 Stoughton Drive
Gannon,Padbery,,Male,5 Randy Crossing
Annora,Edworthy,,Agender,38193 Buhler Plaza
Toiboid,Swaddle,tswaddlec2@prlog.org,Genderqueer,9 Marcy Parkway
Rebeka,Blei,,Bigender,6 Oakridge Hill
Nadya,Shepeard,,Genderqueer,4849 Rieder Way
Rowen,Larby,rlarbyc5@hp.com,Agender,88 Steensland Lane
Kerstin,Skene,kskenec6@goo.ne.jp,Bigender,0770 Beilfuss Park
Annabel,Brackley,abrackleyc7@marriott.com,Genderqueer,279 Morrow Park
Bendite,Zwicker,,Non-binary,0 Anhalt Junction
Keen,Gouldthorpe,kgouldthorpec9@sitemeter.com,Non-binary,213 Stephen Park
Gustav,Gascoigne,ggascoigneca@typepad.com,Male,264 New Castle Trail
Chick,Doge,cdogecb@tripadvisor.com,Polygender,68 Boyd Plaza
Westbrook,Cotilard,,,17990 Delladonna Street
Anselm,Armatys,aarmatyscd@fema.gov,,4677 Hauk Parkway
Marven,Ingerman,mingermance@huffingtonpost.com,Bigender,779 Texas Place
Rozanne,Euler,,,978 Heath Crossing
Cicily,Node,cnodecg@ox.ac.uk,Non-binary,2113 Hooker Junction
Prince,Haldane,phaldanech@bbc.co.uk,,03 Florence Lane
Albrecht,Dionsetti,adionsettici@tinyurl.com,Non-binary,15498 Center Alley
Susannah,Corbie,scorbiecj@archive.org,Polygender,21677 Nova Avenue
Corabelle,Laurie,claurieck@cornell.edu,Non-binary,1 Everett Parkway
Douglass,Kruschov,dkruschovcl@un.org,Agender,4628 Judy Park
Ingar,Farlamb,,Female,1210 Coleman Drive
Doe,Donet,ddonetcn@sina.com.cn,Female,9 Lindbergh Junction
Bradford,Gubbins,bgubbinsco@deviantart.com,Genderqueer,6964 Meadow Vale Place
Seumas,Heale,shealecp@baidu.com,,
Lela,De Mattei,ldematteicq@bizjournals.com,Female,026 Sachtjen Pass
Jerrie,Holsall,jholsallcr@wunderground.com,Male,928 Maple Trail
Phillip,,,Female,63 Anniversary Alley
Gabriell,Munkley,,Male,426 Packers Avenue
Morgen,Climar,mclimarcu@rakuten.co.jp,Bigender,29741 Fallview Parkway
Ophelie,Haggath,ohaggathcv@ed.gov,Female,
Fee,,,Bigender,538 Bartillon Alley
Ric,Eilhertsen,,,103 Tennyson Point
Ardra,Robottham,,Genderfluid,489 Stang Center
Adella,Gorriessen,agorriessencz@ovh.net,Female,
Petey,Makin,pmakind0@salon.com,Polygender,0113 Sundown Alley
Emlynne,Carcass,ecarcassd1@go.com,Male,0 Warrior Court
Addy,Carnduff,acarnduffd2@unicef.org,,3 Westridge Road
Seward,Winram,swinramd3@taobao.com,Genderqueer,38 Pawling Hill
Saxe,Duligall,,,
Sky,Tofanini,stofaninid5@thetimes.co.uk,Genderfluid,39 Amoth Way
Amaleta,Jales,ajalesd6@examiner.com,,83883 Nobel Pass
Zackariah,Boutflour,zboutflourd7@hp.com,,
Terri-jo,Hartgill,thartgilld8@hud.gov,Non-binary,2260 Buell Park
Charmain,Getcliff,cgetcliffd9@latimes.com,,12 Ramsey Center
Laure,Osmund,losmundda@newsvine.com,Female,861 Aberg Court
Eba,Zylbermann,ezylbermanndb@mediafire.com,,1980 Sutteridge Avenue
Tobit,Elsop,,,
Agatha,Rylands,arylandsdd@flickr.com,Genderfluid,
Mickie,Hamlyn,mhamlynde@shinystat.com,,9021 Bonner Hill
Yalonda,Towlson,ytowlsondf@marriott.com,Genderfluid,94761 Dixon Hill
Garwood,Rickman,grickmandg@jugem.jp,,0354 Orin Trail
Darla,Stapley,dstapleydh@foxnews.com,Female,7 Oakridge Road
Gussie,Gregg,ggreggdi@studiopress.com,Male,8136 Mosinee Drive
Ewen,ducarme,,Bigender,
Prince,Posner,pposnerdk@gravatar.com,Non-binary,052 Lakeland Terrace
Gilberta,McNabb,gmcnabbdl@blogtalkradio.com,Female,4359 Fuller Center
Elbert,Larkworthy,elarkworthydm@fda.gov,Genderfluid,27063 Hauk Point
Colline,Draisey,cdraiseydn@yale.edu,Non-binary,31777 Springs Terrace
Loutitia,Raymen,lraymendo@pagesperso-orange.fr,,89132 Sage Center
Katharyn,Abdey,kabdeydp@weather.com,Female,2941 Carberry Parkway
Haleigh,Champain,hchampaindq@wsj.com,Genderqueer,80630 Walton Point
Giuditta,Veeler,gveelerdr@sciencedirect.com,Non-binary,
Moyna,Binion,mbinionds@arizona.edu,,418 Summerview Point
Emlynne,Roscrigg,,Male,
Farlay,Duncombe,fduncombedu@skyrock.com,Polygender,6895 1st Circle
Stacee,Swindin,sswindindv@springer.com,Male,98 Kropf Crossing
Philipa,Emslie,pemsliedw@is.gd,,516 Talisman Park
Bridget,Harbour,bharbourdx@arstechnica.com,Genderfluid,9 Arizona Junction
Gayle,Astles,gastlesdy@usda.gov,,428 Cherokee Pass
Jimmy,Hastilow,jhastilowdz@chicagotribune.com,,4 Larry Pass
Francesco,Liebmann,,Bigender,9465 Debra Terrace
Domeniga,Lipprose,,Genderqueer,422 Gateway Street
Waneta,Eaglestone,weaglestonee2@vk.com,,
Hubey,Cordey,,Non-binary,78784 Summer Ridge Court
Maurine,Limming,mlimminge4@nature.com,Bigender,697 Autumn Leaf Drive
Joline,Klaves,,Polygender,056 Towne Alley
Demetris,Bourchier,,,
Kore,Tolemache,ktolemachee7@buzzfeed.com,Agender,58 Oriole Place
Sumner,Oneil,,Agender,1486 Nobel Circle
Jere,Whisby,,Agender,48 Russell Road
Robb,Shwalbe,rshwalbeea@webmd.com,Genderfluid,9 Center Terrace
Jeffry,Abdee,jabdeeeb@people.com.cn,Non-binary,9918 Schiller Alley
Hana,McElmurray,,,836 Cherokee Junction
Franklyn,Matterson,fmattersoned@networkadvertising.org,Bigender,1338 Crest Line Alley
Ferdinanda,Whyberd,fwhyberdee@washington.edu,,8 Bonner Lane
Margaux,Wollaston,mwollastonef@imageshack.us,Genderqueer,42188 Hoard Park
Will,Hamlin,whamlineg@hexun.com,Bigender,
Valli,Jarlmann,vjarlmanneh@last.fm,,23970 Troy Junction
Loren,Sporner,lspornerei@creativecommons.org,,8 Larry Way
Arlyn,Straun,,Polygender,1333 Mosinee Crossing
Shamus,Brogini,sbroginiek@jiathis.com,Bigender,0 Heath Crossing
Griffy,Gerhartz,ggerhartzel@netlog.com,Non-binary,60800 Towne Junction
Dorelle,Awde,dawdeem@rakuten.co.jp,Non-binary,79069 Gale Alley
Jeane,Jermy,jjermyen@eventbrite.com,,7845 Cardinal Point
Carrie,Ivanyutin,civanyutineo@weibo.com,Genderqueer,59953 Annamark Hill
Salim,Rushby,srushbyep@360.cn,,55 Cody Drive
Bebe,Pellew,,Bigender,1703 Summit Road
Rayner,Doerren,,Bigender,48938 Valley Edge Plaza
Cloe,Ebbotts,,,
Cristiano,Siemens,csiemenset@pagesperso-orange.fr,Male,6572 Maywood Avenue
Humfried,Backler,hbacklereu@clickbank.net,Non-binary,423 Jay Crossing
Gusti,Bardell,gbardellev@sourceforge.net,Genderfluid,664 Village Parkway
Laird,Birley,lbirleyew@eepurl.com,Genderqueer,0 Briar Crest Avenue
Uriel,Durante,uduranteex@dmoz.org,Polygender,6695 Delladonna Pass
Ethelred,Cuzen,ecuzeney@live.com,Female,32 Prairieview Plaza
Augustine,Labet,,Male,9 Porter Plaza
Sabrina,Norcliff,snorclifff0@illinois.edu,Genderfluid,7 Carey Drive
Sholom,Grenkov,sgrenkovf1@unesco.org,,70 Eagle Crest Street
Seward,Hinrichsen,shinrichsenf2@nba.com,,3 Kenwood Avenue
Shadow,Burrow,sburrowf3@slashdot.org,Genderqueer,6 Algoma Lane
Oona,Punyer,,Agender,8 Lunder Crossing
Dana,Zink,,Male,3499 Crest Line Center
Huntlee,Salamon,hsalamonf6@google.nl,,
Bord,Davidy,bdavidyf7@delicious.com,Female,85703 Fieldstone Circle
Red,Boulstridge,rboulstridgef8@phoca.cz,Non-binary,6568 Becker Pass
Becky,Wozencroft,bwozencroftf9@state.gov,Bigender,9 Anthes Lane
Ofella,Brise,obrisefa@nba.com,Polygender,
Krispin,Leyrroyd,,,04 Lerdahl Terrace
Alane,Barker,abarkerfc@gizmodo.com,Female,
Daniella,Kubasek,dkubasekfd@npr.org,,31327 Northwestern Junction
Sheppard,Wannop,swannopfe@slate.com,Male,7195 Katie Park
Artemus,Branigan,,Agender,665 Kingsford Trail
Carmelina,Hoffman,,,
Cindi,Sumpter,csumpterfh@hubpages.com,Polygender,
Goldie,Pollins,gpollinsfi@nih.gov,,46 Holmberg Plaza
Marcos,Ryhorovich,mryhorovichfj@parallels.com,Non-binary,9 Morningstar Center
Pollyanna,Plevin,pplevinfk@histats.com,Agender,5194 Lakewood Gardens Drive
Maury,Peasgood,,,
Ulises,,uloveladyfm@instagram.com,Female,85 Stang Crossing
Paton,Kloska,pkloskafn@scientificamerican.com,Male,44 Fordem Avenue
Ezra,Bingell,,Bigender,0 North Junction
Orion,Inworth,oinworthfp@pbs.org,,5 North Lane
Winifred,O'Hickey,,,
Fanni,Haslock,fhaslockfr@reddit.com,Genderqueer,21 Bunker Hill Way
Salomo,Holyard,sholyardfs@trellian.com,Genderfluid,0 Warner Parkway
Yancey,Selland,ysellandft@time.com,Genderfluid,6 Esker Trail
Pauletta,Husbands,phusbandsfu@yahoo.co.jp,Genderfluid,65 Clemons Terrace
Hendrick,Weedall,hweedallfv@dot.gov,Polygender,46 Loeprich Place
Lazaro,Beetham,lbeethamfw@baidu.com,,89 Glacier Hill Trail
Laughton,Ogilvy,logilvyfx@twitpic.com,Polygender,45952 Russell Junction
Merci,Gaukrodge,mgaukrodgefy@huffingtonpost.com,Female,900 Debs Point
Brantley,Czapla,bczaplafz@abc.net.au,Male,1392 Maryland Center
Lavena,Arundel,,Genderfluid,06910 Killdeer Terrace
Lisbeth,Savine,lsavineg1@bravesites.com,Bigender,2807 Transport Road
Morse,Willimott,mwillimottg2@360.cn,,0 Mcbride Street
Timothy,Kelcey,tkelceyg3@yale.edu,Female,31129 Vahlen Avenue
Halie,Fagg,hfaggg4@dailymotion.com,Genderfluid,
Sabrina,Jeafferson,sjeaffersong5@ning.com,Bigender,228 Victoria Lane
Merrile,Arnull,marnullg6@chron.com,Agender,67 Banding Parkway
Pauline,Delong,pdelongg7@free.fr,Female,1 Sauthoff Place
Carol-jean,Asplin,,Female,11146 Sherman Crossing
Beverlie,Mateescu,bmateescug9@nymag.com,Female,
Gawain,Poulter,gpoulterga@reference.com,Polygender,4 Ohio Junction
Vaughan,Draisey,vdraiseygb@seesaa.net,Female,
Blinny,Dowbakin,bdowbakingc@un.org,Polygender,8341 American Crossing
Issie,Juster,ijustergd@example.com,,
Stacia,Spinks,sspinksge@ihg.com,Non-binary,4 Golf View Street
Erie,Bottoms,ebottomsgf@soundcloud.com,Non-binary,69 Delaware Place
Laurel,King,lkinggg@trellian.com,Genderfluid,
Nat,Cripwell,ncripwellgh@free.fr,Bigender,66107 Myrtle Point
Briggs,Eastcourt,beastcourtgi@va.gov,Male,8942 Acker Trail
Caresa,Merkel,,Agender,14 Londonderry Place
Hewitt,Worlidge,hworlidgegk@gnu.org,Agender,905 Lien Place
Chrotoem,Hargreave,chargreavegl@noaa.gov,,58 Forest Dale Street
Sheilakathryn,Dobbin,,Non-binary,41 Randy Park
Ruben,Marfield,rmarfieldgn@berkeley.edu,Genderfluid,9177 Summit Park
Valerie,Vader,vvadergo@vimeo.com,Male,
Andrey,Gleave,,Genderqueer,9 Forest Dale Center
Marietta,Saiger,msaigergq@ask.com,Agender,29 Transport Lane
Tony,Laborde,tlabordegr@go.com,Female,9540 Roxbury Circle
Aeriell,Sherbourne,asherbournegs@mlb.com,,59 Ridgeway Parkway
Tory,Harle,,Non-binary,914 Kropf Court
Cordy,Spiaggia,,Agender,2 Dawn Court
Ceil,Kyffin,,Female,936 Village Green Center
Alexine,Nattriss,anattrissgw@devhub.com,Bigender,3332 Carioca Street
Jasun,Domino,,,5705 Johnson Road
Terrie,Godthaab,,Male,9 La Follette Drive
Erica,De Fries,edefriesgz@mozilla.com,Non-binary,
Micheline,Whalley,,,
Boonie,Philipard,bphilipardh1@sun.com,Non-binary,0737 Hintze Circle
Sigismondo,Frain,sfrainh2@columbia.edu,Female,32 Messerschmidt Plaza
Alexandr,Scrowson,ascrowsonh3@instagram.com,,31 Washington Pass
Harriet,Hughes,hhughesh4@hp.com,Genderfluid,23 Quincy Point
Alvan,Ianizzi,aianizzih5@yandex.ru,Bigender,
Gisela,Marton,gmartonh6@cbslocal.com,Genderfluid,
Rufus,Bilbrey,,Male,6 Redwing Lane
Alessandro,Hedden,aheddenh8@eventbrite.com,Agender,
Quillan,McNaught,qmcnaughth9@time.com,Male,03647 Loomis Circle
Melisande,Mattedi,mmattediha@constantcontact.com,,92954 Saint Paul Place
Christos,Spilling,cspillinghb@360.cn,Agender,2 Truax Street
Aileen,Kohnen,akohnenhc@mozilla.org,,88167 Veith Junction
Svend,Gritsaev,sgritsaevhd@forbes.com,Genderfluid,152 5th Place
Neils,Mainstone,nmainstonehe@youku.com,Genderfluid,3574 Lotheville Court
Griffie,,ghallowshf@stanford.edu,Polygender,87 Claremont Street
Stanford,Berendsen,sberendsenhg@boston.com,Agender,49763 Sloan Drive
Waring,Korneluk,wkornelukhh@lulu.com,,79729 Oriole Way
Rolf,Ketteridge,rketteridgehi@wikia.com,Agender,1177 Nancy Court
Abra,Robens,,,29 Northfield Drive
Nevile,Bryce,nbrycehk@ezinearticles.com,Male,15349 Manufacturers Road
Kerianne,Spowage,kspowagehl@boston.com,,
Tani,Itzcak,titzcakhm@deviantart.com,Non-binary,1581 Myrtle Crossing
Querida,Hewes,qheweshn@cpanel.net,Polygender,018 Hoepker Junction
Mariya,Grahl,mgrahlho@about.com,Polygender,
Netty,Castiglio,ncastigliohp@google.com.br,Agender,5 Garrison Crossing
Antons,Crayden,,Bigender,064 Magdeline Crossing
Amabelle,Lawlan,,,5 Granby Crossing
Clarie,Devil,cdevilhs@booking.com,,73300 Browning Point
Daphene,Heisler,dheislerht@smh.com.au,Agender,205 Warrior Place
Cornelia,Weatherby,cweatherbyhu@independent.co.uk,Bigender,26166 Briar Crest Pass
Jarvis,Brothers,,,1692 Vermont Road
Abe,Byford,abyfordhw@nature.com,Genderfluid,3 Wayridge Drive
Ranee,Goodsell,rgoodsellhx@earthlink.net,Male,08 Dennis Road
Toma,Real,trealhy@yale.edu,Non-binary,02 Hoffman Circle
Chery,Storch,cstorchhz@nih.gov,Male,7 Hintze Place
Antonino,Wallege,awallegei0@umich.edu,Female,67119 Old Gate Point
Ysabel,O'Rafferty,,Female,88 Loftsgordon Hill
Pascale,Yakunin,pyakunini2@ovh.net,Bigender,59133 Pearson Point
Eugen,Francioli,,Genderfluid,2 Manitowish Lane
Nita,Risom,,Genderqueer,9163 Lyons Place
Ole,Wands,owandsi5@google.ru,Female,283 Sloan Alley
Faun,McEvilly,fmcevillyi6@a8.net,Genderqueer,72812 Hovde Hill
Carlota,Longmead,clongmeadi7@oaic.gov.au,Male,784 Hallows Drive
Hillier,Needham,hneedhami8@storify.com,,4409 Boyd Point
Blondell,Van Zon,bvanzoni9@economist.com,Agender,0023 Lawn Terrace
Leesa,Mawne,,Agender,57 Claremont Way
Sabrina,Milton,smiltonib@gmpg.org,Non-binary,99828 Anhalt Road
Elicia,Dreinan,,Genderqueer,15827 Anthes Road
Noell,Pearlman,npearlmanid@nba.com,Genderqueer,33583 Heath Circle
Daffie,McGreil,,Bigender,07202 Jay Court
Pammi,Gorham,pgorhamif@pinterest.com,Genderfluid,38706 Dixon Terrace
Lucinda,Guild,lguildig@foxnews.com,Polygender,7077 Pawling Circle
Roscoe,Maydway,rmaydwayih@independent.co.uk,Male,4 Harper Trail
Zorah,Plewman,zplewmanii@chicagotribune.com,Bigender,0 Delladonna Trail
Nicky,Shearme,nshearmeij@bigcartel.com,Non-binary,3 Katie Lane
Ronnica,Dielhenn,rdielhennik@msn.com,Polygender,76 Jackson Junction
Vivianne,Delap,vdelapil@whitehouse.gov,Female,61 Karstens Terrace
Karlik,Raspison,kraspisonim@homestead.com,,937 Longview Street
Nevil,Serfati,nserfatiin@linkedin.com,,73 Homewood Avenue
Danette,Pickaver,dpickaverio@forbes.com,Genderqueer,02 Rigney Hill
Mersey,Sturdy,msturdyip@pcworld.com,,971 Veith Terrace
Charisse,Salsberg,csalsbergiq@cmu.edu,Bigender,792 Tennessee Pass
Ulrikaumeko,Benbow,ubenbowir@domainmarket.com,,1555 David Street
Isa,Mullins,imullinsis@who.int,Genderfluid,6200 Bashford Park
Fraser,Beverley,fbeverleyit@bloomberg.com,Non-binary,
Elysia,Gallichan,egallichaniu@ebay.com,,28193 Loeprich Crossing
Cullin,Pugh,cpughiv@skyrock.com,Genderfluid,
Manuel,Comizzoli,mcomizzoliiw@taobao.com,Agender,
Kalvin,Weond,kweondix@time.com,Agender,
Fredra,Ingles,finglesiy@ucla.edu,,04 Talmadge Hill
Hubey,Milhench,hmilhenchiz@theglobeandmail.com,Polygender,9 Walton Street
Renie,Tomik,rtomikj0@nih.gov,Polygender,85 Tony Hill
Gawain,Edds,geddsj1@merriam-webster.com,Genderfluid,36 Menomonie Plaza
Marta,Ricco,mriccoj2@latimes.com,Female,0 Fair Oaks Alley
Windy,Nanson,wnansonj3@huffingtonpost.com,,3 Rigney Place
Genvieve,Grunwall,ggrunwallj4@comsenz.com,Non-binary,222 Fuller Parkway
Rudyard,Smart,rsmartj5@sciencedaily.com,Genderqueer,21769 Bultman Parkway
Tracee,Orford,torfordj6@edublogs.org,Genderfluid,6381 Buell Way
Cristal,Neilus,cneilusj7@goodreads.com,Bigender,5204 Rowland Way
Pierce,Firmage,,Genderfluid,2528 Logan Street
Charlotta,Endean,cendeanj9@sciencedirect.com,Polygender,8630 Westerfield Trail
Ezekiel,Machen,emachenja@rakuten.co.jp,Agender,
Natividad,Rodolphe,nrodolphejb@google.com.au,,1 Carberry Point
Tiphany,Nairns,tnairnsjc@jalbum.net,,
Cristionna,Toon,ctoonjd@indiatimes.com,Female,349 Tomscot Court
Freddy,Farrall,ffarrallje@surveymonkey.com,Female,3 Delladonna Court
Ross,Strand,,Agender,653 Blaine Place
Correy,Tribe,,,
Khalil,Corhard,kcorhardjh@irs.gov,,6796 Randy Way
Ali,Martynka,amartynkaji@addthis.com,Bigender,0729 Orin Pass
Gardiner,Roback,grobackjj@mit.edu,,
Prisca,Ebourne,pebournejk@unicef.org,Genderqueer,539 Ridgeview Road
Adriano,Sheals,ashealsjl@wikimedia.org,,
Madelene,Guiu,,Female,35992 Dixon Avenue
Yancey,McGorman,,,47 Karstens Circle
Chelsey,Symondson,,Genderfluid,400 Blackbird Court
Tan,Murrish,tmurrishjp@mozilla.org,Female,17 Graedel Crossing
Roxy,Cardenosa,rcardenosajq@about.com,Polygender,4 Becker Pass
Allyce,Ion,aionjr@de.vu,Genderfluid,3 Raven Hill
Gabrielle,Billson,gbillsonjs@microsoft.com,Genderfluid,
Rhys,Cadwell,rcadwelljt@yandex.ru,,9 Havey Circle
Gaston,Dumingos,gdumingosju@tamu.edu,,08 Butternut Alley
Lanni,Lilleyman,llilleymanjv@unc.edu,,3262 Donald Park
Misha,Sporrij,msporrijjw@ovh.net,,348 Springview Terrace
Karoline,Denisyuk,kdenisyukjx@cisco.com,Non-binary,11857 Duke Hill
Rey,O'Grada,rogradajy@parallels.com,Polygender,99 Reindahl Lane
Mavis,Maffi,mmaffijz@amazon.co.jp,,52 Del Mar Pass
Gearard,Letham,glethamk0@economist.com,Male,7757 Bayside Plaza
Barby,Roscher,broscherk1@admin.ch,Male,8881 Blackbird Junction
Hercules,Lanon,hlanonk2@ox.ac.uk,,3031 Northview Place
Ignacius,Hendrickson,ihendricksonk3@delicious.com,Polygender,9251 Shopko Court
Daryn,Pinckard,dpinckardk4@wired.com,,60 Namekagon Point
Filmore,Fee,ffeek5@hubpages.com,,49 Thackeray Circle
Randie,Wardrop,rwardropk6@cnn.com,Polygender,0 Bay Lane
Hillary,Linnane,hlinnanek7@wufoo.com,Genderqueer,36 Armistice Trail
Jud,Czajkowski,jczajkowskik8@va.gov,Female,01 Myrtle Park
Floyd,Offer,fofferk9@comsenz.com,Polygender,7104 Main Plaza
Aimee,Kunze,akunzeka@vimeo.com,Genderfluid,579 Clemons Hill
Ethe,Archbold,,,65 Stoughton Court
Demetris,Oger,dogerkc@canalblog.com,,24 Lawn Parkway
Willyt,Pedlow,wpedlowkd@ovh.net,Male,
Melvyn,Krugmann,mkrugmannke@nifty.com,Bigender,5026 Sunnyside Lane
Milka,Wass,mwasskf@baidu.com,,7 Crest Line Junction
Tabby,Rosekilly,trosekillykg@google.com.au,Female,1747 Vernon Parkway
Dunc,Bowkley,dbowkleykh@shop-pro.jp,Female,97086 Messerschmidt Plaza
Mona,Walsom,mwalsomki@google.es,,81 Browning Court
Clarie,Candish,ccandishkj@mysql.com,Polygender,540 Bowman Plaza
Melantha,Pesak,mpesakkk@pen.io,,07670 Summerview Avenue
Barrie,Altree,baltreekl@google.com.br,Non-binary,285 Annamark Court
Merry,Jacobsen,,Non-binary,2 Eagan Pass
Wilek,Muldoon,wmuldoonkn@ox.ac.uk,Genderfluid,85283 Schurz Drive
Didi,Giacaponi,dgiacaponiko@elegantthemes.com,Bigender,350 Waubesa Drive
Jsandye,Willson,jwillsonkp@netvibes.com,Agender,0693 Arapahoe Circle
Nicki,Pitone,npitonekq@weather.com,Agender,
Wallas,Gulc,wgulckr@newsvine.com,Polygender,3925 Parkside Terrace
Sherwynd,Kenan,skenanks@cyberchimps.com,Genderqueer,31 Eliot Road
Marc,McClinton,mmcclintonkt@acquirethisname.com,Genderqueer,
Rorie,Ditter,,,07 Raven Trail
Darrelle,Brognot,dbrognotkv@skyrock.com,Genderfluid,
Durant,Mogie,dmogiekw@wordpress.com,Genderqueer,32 Kennedy Park
Humfried,Costa,hcostakx@istockphoto.com,,9372 Ridge Oak Parkway
Luke,Corkett,,Agender,
Menard,Lethabridge,mlethabridgekz@vistaprint.com,,9 Sachtjen Junction
Domingo,Pitman,dpitmanl0@wikispaces.com,,661 Garrison Court
Elisha,Barnwille,ebarnwillel1@sohu.com,Male,2 Roxbury Trail
Rodolphe,Ruxton,rruxtonl2@cloudflare.com,,3 Haas Trail
Maiga,Stoving,mstovingl3@cafepress.com,Male,
Gigi,Pattrick,gpattrickl4@slideshare.net,Genderqueer,382 Artisan Crossing
Eloisa,Bentame,ebentamel5@shutterfly.com,Genderqueer,
Doroteya,Jone,djonel6@bigcartel.com,,82 Holmberg Drive
Editha,Berrey,eberreyl7@dedecms.com,,3 Twin Pines Crossing
Valera,Louw,,Agender,
Hakeem,Horrell,hhorrelll9@goo.gl,Agender,6 Kensington Terrace
Cammi,Syddie,csyddiela@ftc.gov,Non-binary,2425 Holmberg Center
Dolores,Maddox,dmaddoxlb@ibm.com,Bigender,5719 Debra Court
Valry,Tubbles,vtubbleslc@livejournal.com,Genderfluid,8140 Grover Hill
Erica,Piell,epiellld@foxnews.com,Female,4245 Chive Pass
Florella,Bischof,fbischofle@va.gov,Genderfluid,305 Fallview Circle
Darryl,Duckworth,,,359 Brentwood Alley
Gene,Lipscomb,glipscomblg@indiatimes.com,Bigender,567 Bunting Terrace
Annmarie,Basden,abasdenlh@dion.ne.jp,,47 Fairfield Terrace
Corrinne,Hooks,,Non-binary,24838 Almo Street
Jodee,Meyer,,,535 Meadow Valley Street
Ricki,Baigent,rbaigentlk@pagesperso-orange.fr,Genderfluid,2932 Butternut Court
Karissa,Calfe,,Female,1449 Sunbrook Terrace
Ellery,Civitillo,ecivitillolm@issuu.com,Polygender,3027 Twin Pines Junction
Bethanne,Fittes,bfittesln@home.pl,Agender,46479 Ludington Circle
Johnathon,William,jwilliamlo@multiply.com,Male,
Lucy,Stockings,,,544 Buena Vista Avenue
Helena,Kaine,hkainelq@state.tx.us,Bigender,7740 Coleman Road
Kessiah,Thornton,kthorntonlr@unicef.org,Polygender,35 Valley Edge Pass
Lari,Rumgay,,,
Shandeigh,Follet,sfolletlt@alibaba.com,Non-binary,19 Summerview Point
Olivette,Bothe,,,0 Delaware Trail
Krishna,Firminger,kfirmingerlv@fema.gov,Bigender,0654 Dexter Avenue
Milicent,L' Estrange,mlestrangelw@gizmodo.com,,2894 Shopko Place
Peyton,Oleszcuk,poleszcuklx@telegraph.co.uk,Polygender,72147 Duke Point
Vida,Lafay,vlafayly@zimbio.com,,65 Texas Lane
Cob,Broscombe,,Male,
Torr,Petrenko,tpetrenkom0@webnode.com,Bigender,9 Westend Alley
Kaine,Cracknall,,Genderfluid,80 Everett Alley
Emalia,Hay,ehaym2@senate.gov,Agender,5374 Eastlawn Alley
George,,,Male,615 Village Lane
Suzanna,Martyn,,Agender,2 Buhler Place
Davon,Tarquini,dtarquinim5@miibeian.gov.cn,Polygender,93 Becker Junction
Dur,Friatt,dfriattm6@guardian.co.uk,Genderqueer,266 Division Park
Benjamen,Fumagallo,bfumagallom7@woothemes.com,Genderqueer,882 Reinke Trail
Ranee,Shapera,rshaperam8@multiply.com,Genderfluid,52156 Glacier Hill Street
Sarge,Drabble,sdrabblem9@bravesites.com,Agender,46 Reinke Terrace
Ruthie,Biasioni,rbiasionima@ow.ly,Non-binary,708 Jana Place
Beatrix,Bilby,bbilbymb@samsung.com,Non-binary,0 Jay Road
Laraine,Pottes,lpottesmc@pen.io,,925 Kingsford Circle
Alecia,Glaum,aglaummd@deviantart.com,Genderfluid,80 American Alley
Gavin,Mankor,gmankorme@google.cn,Polygender,
Conny,Spurr,cspurrmf@t.co,Bigender,5 Montana Hill
Frasier,Lacoste,flacostemg@google.com.br,,65924 Chinook Way
Ignatius,Posen,iposenmh@sbwire.com,Non-binary,54 Arizona Lane
Timmie,Allwright,tallwrightmi@weather.com,Non-binary,453 Amoth Parkway
Jan,Feldmann,jfeldmannmj@behance.net,Female,28402 Prairieview Trail
Sutherland,Nutton,snuttonmk@wired.com,Non-binary,3126 Lawn Trail
Hendrika,Kluge,hklugeml@sina.com.cn,Non-binary,
Lyda,Meeks,lmeeksmm@scientificamerican.com,Female,
Jandy,Rye,jryemn@sohu.com,Female,29 Gerald Pass
Gail,Gwynn,ggwynnmo@creativecommons.org,Non-binary,
Alfred,,ayearnesmp@g.co,Male,46998 Eliot Pass
Harmonie,Carvill,,Bigender,
Mabelle,Formie,mformiemr@dell.com,Bigender,
Christyna,Thomann,cthomannms@guardian.co.uk,,
Sofia,Lardge,slardgemt@huffingtonpost.com,Bigender,578 Dunning Terrace
Demetra,Popeley,dpopeleymu@wikipedia.org,,78149 Quincy Junction
Aretha,Form,aformmv@baidu.com,,30 Reindahl Place
Lorettalorna,Sheed,,Genderqueer,5 Mesta Way
Karola,Collings,kcollingsmx@csmonitor.com,Non-binary,502 Cambridge Avenue
Ulrika,Scothorn,uscothornmy@oakley.com,Bigender,1 Heffernan Lane
Stanislaus,Gordge,sgordgemz@arizona.edu,,96678 Cardinal Center
Katey,Fleischer,kfleischern0@discovery.com,Genderfluid,68 Nova Center
Ky,Grills,kgrillsn1@noaa.gov,Genderfluid,92798 Summerview Plaza
Roxine,Masi,rmasin2@state.tx.us,Agender,84697 Prairieview Drive
Nial,,narnoppn3@canalblog.com,Agender,20 Transport Road
Baron,Tattersall,btattersalln4@oracle.com,Non-binary,098 Eastwood Street
Manfred,Liddle,,Male,063 Dorton Pass
Mady,Cargill,mcargilln6@xing.com,Genderqueer,644 Jackson Place
Kiah,Pawnsford,kpawnsfordn7@rambler.ru,Bigender,3 Nevada Alley
Forester,Fricker,ffrickern8@wikispaces.com,Genderfluid,
Oates,Langhor,olanghorn9@google.es,Genderqueer,7848 Mallory Trail
Ariela,Mawman,amawmanna@epa.gov,,8258 Sutherland Crossing
Kakalina,Olsson,kolssonnb@behance.net,,72932 Meadow Valley Way
Sukey,Aldren,saldrennc@aboutads.info,Bigender,452 Spohn Point
Philis,Mewitt,pmewittnd@networkadvertising.org,Polygender,20435 Paget Street
Magdalena,Lasslett,mlasslettne@liveinternet.ru,Agender,169 Esker Alley
Stesha,Rasher,srashernf@homestead.com,,69985 Valley Edge Park
Iain,Noseworthy,inoseworthyng@pagesperso-orange.fr,,
Forester,Biddle,fbiddlenh@nsw.gov.au,Polygender,7 Crest Line Junction
Kathe,Revett,krevettni@bbc.co.uk,Agender,12672 Duke Road
Marcy,,mgerritnj@yelp.com,,00 Everett Plaza
Egbert,Collumbell,ecollumbellnk@cyberchimps.com,Genderfluid,
Lorenzo,,lspellarnl@addthis.com,,2673 Spaight Avenue
Cornell,Franklen,cfranklennm@economist.com,Genderqueer,7 Canary Circle
Zacharie,Sheerman,,,12 Vermont Terrace
Davin,Hefford,dheffordno@wikispaces.com,Bigender,76477 Schmedeman Parkway
Nadia,Lander,nlandernp@youku.com,Female,980 Mccormick Street
Chandal,Jorden,,Non-binary,614 Rockefeller Alley
Nicolas,Scandrick,nscandricknr@squarespace.com,Genderqueer,44 Hauk Drive
Becca,Clayworth,,Agender,6157 Messerschmidt Park
Philippine,Klimsch,pklimschnt@4shared.com,,0 Nova Crossing
Ilka,Winsley,iwinsleynu@engadget.com,Genderfluid,01 Steensland Hill
Belinda,Foote,bfootenv@storify.com,Female,0 Farragut Alley
Sallie,Wareham,swarehamnw@hc360.com,,8 Kingsford Drive
Nick,Orrow,norrownx@tamu.edu,Genderqueer,327 Dovetail Circle
Jany,Seefeldt,jseefeldtny@ustream.tv,Agender,5 Nova Trail
Jeramey,McNern,,,3092 Stoughton Place
Aubert,Matelyunas,amatelyunaso0@cbc.ca,Male,08403 East Court
Cory,Southern,csoutherno1@china.com.cn,Polygender,58201 Roth Place
Lacy,Slocum,lslocumo2@wp.com,,9008 Lakewood Gardens Point
Mal,Douse,mdouseo3@plala.or.jp,Genderqueer,867 Pepper Wood Road
Robbin,Trobe,rtrobeo4@cafepress.com,Polygender,9 Anderson Road
Domini,Parzizek,dparzizeko5@ft.com,Non-binary,922 Armistice Street
Martin,Mourton,,Non-binary,15 Kings Court
Stanley,Pollok,spolloko7@chicagotribune.com,,2233 Mosinee Court
Linnea,,ltweedello8@salon.com,Genderfluid,
Lucky,Camden,lcamdeno9@tamu.edu,Genderqueer,72 Heath Point
Willie,Farbrother,wfarbrotheroa@umn.edu,Polygender,075 Mallory Road
Winny,Traise,wtraiseob@smh.com.au,Bigender,
Winna,Nussii,wnussiioc@facebook.com,Agender,56744 Logan Trail
Immanuel,Sall,,Genderfluid,1 Tennessee Parkway
Brooke,Mueller,,Genderfluid,7083 Fuller Hill
Maura,Norrington,mnorringtonof@google.fr,,06864 Schiller Way
Silvanus,Fronczak,sfronczakog@ehow.com,Female,1968 Goodland Street
Yetta,Ruckert,yruckertoh@moonfruit.com,Female,3 Merry Pass
Skyler,Pile,,Male,52 Melvin Drive
Harmonia,Pulford,hpulfordoj@wunderground.com,Genderfluid,5 Hermina Drive
Stormi,Fearey,sfeareyok@surveymonkey.com,Genderqueer,
Elsie,Knibley,eknibleyol@google.nl,Male,873 Arrowood Park
Curr,Griston,cgristonom@clickbank.net,,
Fancie,Gelderd,fgelderdon@cbslocal.com,Polygender,89 Steensland Junction
Leelah,Morales,lmoralesoo@nyu.edu,Polygender,6732 Hooker Way
Basile,Battleson,bbattlesonop@techcrunch.com,Genderfluid,0 Boyd Junction
Steve,Sparham,ssparhamoq@drupal.org,Genderfluid,
Cherice,Dy,cdyor@cnet.com,Non-binary,
Devonne,Seson,dsesonos@patch.com,Female,4 Packers Hill
Annie,Mirfin,amirfinot@unc.edu,,301 Banding Trail
Max,Ballard,mballardou@printfriendly.com,Polygender,
Isabel,Crimp,icrimpov@friendfeed.com,,
Nolan,Piatkow,npiatkowow@bandcamp.com,Agender,42 Merchant Point
Vonnie,Blaksland,vblakslandox@japanpost.jp,Bigender,3920 Lakewood Terrace
Greer,Beeres,gbeeresoy@smugmug.com,Non-binary,71 Nobel Alley
Saree,Vanyarkin,svanyarkinoz@earthlink.net,Bigender,14 Bayside Avenue
Dorice,Duxfield,,,8 Alpine Trail
Sharla,Simeonov,ssimeonovp1@mysql.com,Bigender,683 Nancy Drive
Zaneta,Franca,zfrancap2@cyberchimps.com,,
Lay,Gabbotts,lgabbottsp3@delicious.com,Female,9222 Burrows Junction
Zsazsa,Stoner,zstonerp4@opera.com,Genderfluid,
Tabina,Grene,tgrenep5@dot.gov,Female,
Madalyn,MacDonell,mmacdonellp6@ebay.co.uk,Genderqueer,9594 Caliangt Way
Rosene,Henden,,Female,6 Lakewood Gardens Hill
Eddy,Parris,eparrisp8@unblog.fr,Bigender,2 Spohn Hill
Claybourne,Cass,ccassp9@state.tx.us,Polygender,
Natassia,Gloster,nglosterpa@shop-pro.jp,,48230 Gerald Crossing
Ravi,Castree,rcastreepb@columbia.edu,Agender,2172 Memorial Lane
Guy,Gresch,ggreschpc@friendfeed.com,Female,
Hank,Scarsbrooke,hscarsbrookepd@msu.edu,Male,386 Gerald Drive
Darcy,Basili,dbasilipe@indiegogo.com,,24767 Florence Road
Rafaela,Paulin,rpaulinpf@usgs.gov,Male,909 Buell Trail
Brendon,Bowers,bbowerspg@nhs.uk,,8731 Portage Place
Osgood,Corstan,ocorstanph@seesaa.net,Genderfluid,3 Saint Paul Street
Burr,Toppas,btoppaspi@yandex.ru,Genderfluid,
Pammy,Toolan,ptoolanpj@google.it,Non-binary,
Agnola,Duddy,aduddypk@altervista.org,Male,6 Acker Terrace
Ado,Wintour,awintourpl@yandex.ru,Agender,59 Merchant Point
Nicolle,Quoit,nquoitpm@nbcnews.com,,24 Service Road
Lyndell,Covely,lcovelypn@zdnet.com,Male,443 Green Road
Edan,Blazey,eblazeypo@uiuc.edu,,51 Melby Plaza
Jordain,Abbess,,Non-binary,61585 Carberry Plaza
Salome,Darragon,sdarragonpq@ted.com,Bigender,83457 Emmet Lane
Ches,Cuardall,,Genderqueer,5 Paget Crossing
Tomkin,,tclaigeps@barnesandnoble.com,,42414 Mcbride Circle
Angela,Pedel,apedelpt@cbsnews.com,,
Erroll,Findley,efindleypu@who.int,,8 Heath Place
Charlot,Dudleston,cdudlestonpv@google.com.br,Genderfluid,96867 6th Terrace
Joyous,Gethyn,,Male,694 Tennessee Avenue
Jedd,Gentle,jgentlepx@earthlink.net,Male,68 Fulton Alley
Goldarina,Bolt,gboltpy@freewebs.com,,
Saunder,Pedrol,spedrolpz@loc.gov,Male,3 Tennessee Circle
Denys,Hatliff,dhatliffq0@virginia.edu,Bigender,22 Cardinal Parkway
Rolfe,Stang-Gjertsen,rstanggjertsenq1@php.net,,937 Cascade Junction
Maye,Boliver,,Genderqueer,9 Sachtjen Plaza
Gerry,Wycliff,,,
Ginni,,gmontfordq4@biblegateway.com,,
Ximenes,Hefforde,xheffordeq5@hibu.com,Agender,
Claresta,Dovidian,cdovidianq6@google.nl,Genderqueer,
Alano,Manilove,amaniloveq7@bizjournals.com,Genderqueer,13 Del Mar Junction
Titos,,,,30256 Eastwood Pass
Terrill,Portriss,tportrissq9@businesswire.com,Genderfluid,0824 Old Shore Circle
Hershel,Child,hchildqa@1und1.de,Genderqueer,4 3rd Terrace
Bryanty,Lazar,blazarqb@cloudflare.com,,7 Longview Junction
Corie,Livett,clivettqc@usa.gov,Male,1 Grover Drive
Eli,Rohfsen,erohfsenqd@buzzfeed.com,Female,47135 Sunbrook Terrace
Devonne,Evemy,devemyqe@vkontakte.ru,Bigender,
Scotty,Godilington,sgodilingtonqf@pcworld.com,Bigender,639 Eliot Pass
Duff,Nancekivell,dnancekivellqg@live.com,Male,55518 Monument Terrace
Veronike,Cotman,,Female,154 Comanche Avenue
Yanaton,Dufour,ydufourqi@netlog.com,,
Carly,Kiggel,ckiggelqj@github.com,,093 Sloan Crossing
Floyd,Smolan,fsmolanqk@toplist.cz,Male,603 Loomis Park
Sheila-kathryn,Sperwell,ssperwellql@desdev.cn,Genderqueer,045 Crowley Hill
Callie,McKenzie,cmckenzieqm@yahoo.co.jp,,3 Ridge Oak Alley
Lizabeth,Pates,lpatesqn@redcross.org,Genderfluid,6436 Hermina Court
Austen,Stucksbury,astucksburyqo@typepad.com,Polygender,
Nick,Legrand,nlegrandqp@vkontakte.ru,Female,49 Rusk Park
Mickey,Arenson,,Polygender,11880 Killdeer Hill
Thurstan,Chantillon,tchantillonqr@nymag.com,Bigender,
Correna,Rigeby,crigebyqs@zimbio.com,Polygender,0818 Welch Avenue
Bernadine,Rendell,brendellqt@eventbrite.com,Female,01 Bluestem Pass
Uta,Mcimmie,umcimmiequ@narod.ru,Female,
Carlene,Beacock,cbeacockqv@irs.gov,Male,87 Leroy Avenue
Rafi,,,Genderqueer,09 Sullivan Park
Ariella,McCafferty,amccaffertyqx@tmall.com,Agender,61661 Gerald Terrace
Robinet,Pedlar,,Female,6941 High Crossing Avenue
Revkah,Torregiani,rtorregianiqz@comsenz.com,Female,6822 Duke Lane
Ralph,Matthiae,rmatthiaer0@addthis.com,,1 Thierer Parkway
Ivory,Mellmer,imellmerr1@surveymonkey.com,,5165 Heath Road
Giffie,,gwreffordr2@usgs.gov,,
Aurea,Fuzzens,afuzzensr3@businesswire.com,Polygender,847 Golf Lane
Prentiss,Bradock,pbradockr4@4shared.com,Non-binary,99328 Packers Center
Tod,Ivashechkin,tivashechkinr5@about.com,Male,
Farly,Daymont,fdaymontr6@who.int,,7415 Hintze Drive
Trefor,Bothwell,tbothwellr7@de.vu,,71 Sundown Way
Delcine,Scudders,,,
Zuzana,Bosher,zbosherr9@ftc.gov,Male,614 Autumn Leaf Avenue
Cristen,Klimkovich,cklimkovichra@blogspot.com,,91 Marcy Plaza
Ashlie,Ivanyukov,aivanyukovrb@freewebs.com,,6726 Hazelcrest Crossing
Kelsy,Freddi,kfreddirc@alexa.com,,20 Arrowood Junction
Nessie,Francesch,nfranceschrd@sitemeter.com,,1 Sutherland Way
Eldredge,Wardington,ewardingtonre@woothemes.com,Genderqueer,67 Old Gate Drive
Hersch,Laughren,,Male,
Yvonne,Langstone,ylangstonerg@psu.edu,Agender,
Wendall,Pugh,wpughrh@reddit.com,Bigender,10 John Wall Avenue
Darci,Gibard,dgibardri@wikia.com,,7324 Maple Wood Street
Vyky,Schops,vschopsrj@auda.org.au,,6 Springview Center
Abey,Ratchford,aratchfordrk@spotify.com,Genderqueer,39327 Maple Hill
Konstance,Buckenhill,kbuckenhillrl@ucoz.com,Male,4302 Columbus Center
Olivero,Core,ocorerm@uiuc.edu,Male,41496 Mockingbird Avenue
Odie,McQuin,omcquinrn@shareasale.com,Bigender,4 Oakridge Drive
Lynda,Newby,,Bigender,78 Aberg Drive
Aveline,Wasmer,awasmerrp@acquirethisname.com,Polygender,28 Beilfuss Lane
Carmelle,Enderby,cenderbyrq@washington.edu,Agender,2 Emmet Court
Hazel,Thorburn,,Male,42725 Mcbride Way
