FirstName,LastName,BirthDate,Email,Gender,StreetAddress
Zora,Chree,6/11/2020,zchree0@weibo.com,Male,85953 Blue Bill Park Circle
Antonietta,Malecky,12/31/2020,amalecky1@state.tx.us,Genderqueer,03 Esch Street
Noll,Deason,12/16/2021,ndeason2@youku.com,Polygender,
Alwin,Hounsome,8/8/2020,ahounsome3@independent.co.uk,Male,0766 Sugar Place
Jobina,Keighley,11/29/2021,jkeighley4@xing.com,Male,279 Knutson Way
Elle,Rosenblad,2/27/2021,erosenblad5@dot.gov,,
Eustace,Wickson,11/16/2020,,Polygender,0 Springview Center
Stavro,Rubenovic,3/21/2021,srubenovic7@umich.edu,Polygender,2 Cottonwood Court
Ferd,MacAnellye,7/20/2021,fmacanellye8@google.co.jp,,6140 Miller Place
Julita,Fenelon,3/8/2021,,,896 Dorton Drive
Tabbitha,McCray,5/9/2021,tmccraya@samsung.com,Agender,
Nickie,Klejin,2/13/2020,nklejinb@barnesandnoble.com,Male,142 Melvin Junction
Marybelle,Pulver,1/31/2021,mpulverc@hibu.com,Genderfluid,
Nicholle,Korfmann,8/26/2020,nkorfmannd@ucsd.edu,Polygender,4106 Towne Drive
Kellie,Wilkowski,1/4/2021,,Non-binary,
Steward,Beaby,1/5/2022,,,9 Goodland Place
Elberta,Barck,9/30/2020,ebarckg@go.com,,77480 Melrose Avenue
Ingmar,Hearmon,4/7/2021,ihearmonh@de.vu,Genderfluid,
Verney,,5/12/2020,vbranfordi@washington.edu,Genderfluid,34903 Veith Court
Jeri,Lothean,7/29/2020,jlotheanj@wp.com,Genderqueer,7423 Autumn Leaf Place
Nina,Chilcott,12/31/2021,,Genderfluid,4525 Bartillon Street
Chen,Whiteside,11/24/2020,cwhitesidel@tumblr.com,Genderqueer,85 Acker Junction
Devan,Pikesley,9/26/2021,dpikesleym@apache.org,Bigender,1 Loftsgordon Point
Berri,Coleridge,6/7/2021,bcoleridgen@youtube.com,Female,36 Waxwing Circle
Clarice,Sizeland,9/19/2020,csizelando@google.com.br,Polygender,96 American Trail
Kelila,Martellini,5/25/2020,,,44566 Dawn Pass
Tabor,Crapper,12/28/2021,tcrapperq@sina.com.cn,,7 Hoard Pass
Lucais,Westberg,5/22/2020,lwestbergr@hc360.com,Genderqueer,92164 Farragut Parkway
Dorisa,Dolan,4/2/2020,ddolans@zdnet.com,Non-binary,1896 Eliot Hill
Berty,Alsop,10/26/2020,balsopt@engadget.com,Bigender,1 Colorado Parkway
Minetta,Berth,2/1/2021,mberthu@topsy.com,Polygender,189 Bultman Street
Perla,Casillis,12/9/2020,pcasillisv@blogger.com,,34 Mallard Lane
Standford,Mathieu,10/26/2021,smathieuw@simplemachines.org,Bigender,6 Welch Circle
Westbrooke,Bloys,10/17/2021,wbloysx@surveymonkey.com,Agender,6 Lukken Point
Zelma,Jochen,8/29/2021,zjocheny@ed.gov,Genderqueer,9672 Green Trail
Dorie,Rennix,6/15/2020,drennixz@geocities.jp,,2724 Del Mar Center
Wallie,Waadenburg,8/24/2021,wwaadenburg10@miibeian.gov.cn,Polygender,
Joye,MacMorland,9/27/2021,jmacmorland11@yellowpages.com,Genderfluid,
Deni,Idiens,9/16/2020,didiens12@newyorker.com,Genderqueer,4 Northview Terrace
Valida,Digan,9/26/2021,vdigan13@woothemes.com,Male,774 Florence Avenue
Oralee,Raden,4/5/2020,oraden14@google.it,Agender,96118 Colorado Parkway
Lorie,Crone,1/19/2022,lcrone15@cmu.edu,Polygender,
Ricardo,Vaggs,8/11/2021,rvaggs16@mashable.com,Agender,71082 Leroy Avenue
Boothe,Durnian,5/31/2021,bdurnian17@networkadvertising.org,Agender,
Dallis,McAndie,8/6/2020,dmcandie18@npr.org,Genderqueer,9 Merchant Place
Roseanna,Crier,11/4/2020,rcrier19@edublogs.org,Bigender,7 Loeprich Center
Maddalena,Boate,8/8/2020,mboate1a@reference.com,Female,3746 Clyde Gallagher Crossing
Justina,Trenfield,9/23/2021,jtrenfield1b@economist.com,,1 Goodland Junction
Kalinda,Feeham,4/26/2021,kfeeham1c@discuz.net,Genderfluid,8105 Claremont Hill
Herbert,O'Suaird,1/28/2021,hosuaird1d@wired.com,Male,9 Kedzie Circle
Giffer,Bellward,7/23/2021,gbellward1e@smugmug.com,Polygender,32160 Helena Parkway
Legra,Bracegirdle,7/18/2020,,,4 Maple Wood Pass
Shantee,,10/17/2021,seck1g@flavors.me,,66 Mccormick Junction
Wiatt,Antonazzi,8/14/2021,wantonazzi1h@umich.edu,Agender,3 Dexter Junction
Laryssa,Pavlov,6/3/2021,lpavlov1i@canalblog.com,Agender,8302 Stephen Parkway
Pasquale,Kemp,7/9/2021,pkemp1j@msu.edu,Male,16 Graedel Center
Silva,Frazer,2/16/2021,sfrazer1k@ameblo.jp,Non-binary,54051 Manufacturers Trail
Enrika,Kermon,4/4/2021,ekermon1l@eepurl.com,,
Yanaton,Marley,11/26/2020,ymarley1m@disqus.com,Non-binary,075 Forest Dale Alley
Igor,Thirsk,2/18/2020,ithirsk1n@cnbc.com,Genderqueer,59885 Sage Circle
Cyrill,Rought,9/12/2021,crought1o@jiathis.com,Genderfluid,4885 East Court
Feliks,MacGorley,4/1/2020,,Polygender,
Addia,Statham,1/21/2022,astatham1q@oracle.com,Non-binary,7608 Schlimgen Plaza
Currie,McPhaden,2/28/2021,cmcphaden1r@myspace.com,,08260 Maywood Park
Gayleen,Waszkiewicz,8/5/2020,gwaszkiewicz1s@loc.gov,Genderqueer,359 Crowley Circle
Garwood,Gotcher,8/4/2020,ggotcher1t@surveymonkey.com,,
Bell,Dogerty,1/22/2021,bdogerty1u@rediff.com,Non-binary,
Tim,Furmston,6/1/2021,tfurmston1v@de.vu,Non-binary,
Viv,Buret,7/25/2021,vburet1w@ning.com,Bigender,
Iona,Jeynes,7/22/2020,,Non-binary,03 Gina Alley
Bernetta,Gilvary,3/24/2020,bgilvary1y@bbb.org,Female,01 Dayton Road
Erhard,Greenway,7/2/2021,,Non-binary,5 Morningstar Hill
Noam,Quinney,1/14/2022,nquinney20@ameblo.jp,Bigender,092 Monica Terrace
Josie,Bradder,10/30/2020,jbradder21@bloomberg.com,,1 Heath Way
Porter,Douthwaite,5/14/2021,pdouthwaite22@bloomberg.com,Genderfluid,831 Lerdahl Pass
Freeland,Dytham,2/4/2021,fdytham23@guardian.co.uk,,81 David Plaza
Bradford,Claiton,6/28/2021,bclaiton24@amazon.co.jp,Genderqueer,9736 Knutson Place
Marna,Muge,5/4/2020,mmuge25@squidoo.com,Bigender,11228 Truax Court
Joyous,Godsell,9/25/2020,jgodsell26@sbwire.com,Polygender,6642 Corry Terrace
Claire,Itzkov,7/17/2021,citzkov27@nyu.edu,Male,6475 Sunbrook Plaza
Joane,Halley,1/22/2022,jhalley28@ustream.tv,Agender,8 Dovetail Alley
Merrilee,Stanislaw,10/24/2020,mstanislaw29@yellowbook.com,,970 Florence Junction
Yasmeen,Paley,3/6/2020,ypaley2a@google.cn,Female,6 Cascade Parkway
Marcelline,De Cristofalo,5/3/2020,mdecristofalo2b@phpbb.com,Genderqueer,
Joanie,Henlon,1/1/2021,jhenlon2c@weibo.com,Genderqueer,6971 Dwight Road
Drugi,Conelly,8/2/2021,dconelly2d@nationalgeographic.com,,068 Cottonwood Place
Cassius,Chappel,10/10/2021,cchappel2e@imgur.com,Agender,38 Farmco Plaza
Kathye,Coalburn,5/15/2021,kcoalburn2f@sfgate.com,,65 Delladonna Point
Gauthier,Iglesias,9/26/2021,giglesias2g@vkontakte.ru,Genderfluid,815 Summerview Junction
Dode,Whitsey,6/23/2021,,Non-binary,
Drucill,Shill,5/12/2020,dshill2i@opensource.org,Bigender,0989 Scoville Circle
Rolland,Bremmell,4/17/2021,rbremmell2j@macromedia.com,Female,
Wendy,Tapton,5/3/2021,wtapton2k@smugmug.com,Bigender,
Randy,Caron,4/9/2020,rcaron2l@disqus.com,Male,394 Rutledge Lane
Evonne,Pechet,8/22/2021,epechet2m@state.tx.us,Polygender,34 Loeprich Terrace
Woodrow,Porte,2/6/2021,wporte2n@sciencedaily.com,Female,0 Hayes Park
Berkeley,Elmer,10/7/2021,belmer2o@ox.ac.uk,Agender,
Brannon,Blakeman,9/5/2020,bblakeman2p@deliciousdays.com,Polygender,03 Waxwing Point
Hettie,Toohey,6/2/2021,htoohey2q@xing.com,Polygender,9473 Bay Park
Darbee,Lye,9/4/2020,,Polygender,1 Bowman Lane
Diana,Founds,11/14/2021,,Bigender,2 Northport Street
Elbertine,Benes,5/28/2020,ebenes2t@ca.gov,Agender,
Donica,Piercey,3/17/2020,,,
Aldis,Ilyenko,4/12/2021,ailyenko2v@pcworld.com,Male,
Jeanna,Padrick,2/19/2021,,Male,
Jeff,Kyncl,5/15/2021,jkyncl2x@washington.edu,Female,3421 Debra Point
Maria,Adelsberg,4/4/2020,madelsberg2y@deliciousdays.com,Female,91835 Bultman Street
Ezri,Davenport,3/9/2021,edavenport2z@instagram.com,Polygender,90628 Aberg Parkway
Marcie,Smalls,9/13/2021,,Female,67 Lakewood Gardens Trail
Anjela,Slowgrove,5/31/2020,aslowgrove31@nature.com,Agender,
Elwin,Trouncer,7/11/2020,etrouncer32@cbsnews.com,Female,864 Summerview Junction
Nicky,Stocken,4/15/2021,nstocken33@walmart.com,Bigender,117 Prairieview Hill
Ikey,Fowlston,10/20/2020,ifowlston34@webeden.co.uk,Polygender,
Vinny,Simms,9/29/2020,vsimms35@liveinternet.ru,Male,6986 Onsgard Plaza
Ashly,Gullis,2/10/2020,agullis36@liveinternet.ru,Agender,62 Reinke Alley
Aile,Phillipson,2/12/2020,,,11507 Onsgard Terrace
Sheelagh,Reddie,4/28/2020,sreddie38@1und1.de,Female,
Pierrette,Trendle,11/18/2021,ptrendle39@mayoclinic.com,,440 1st Point
Had,Oakman,4/26/2020,hoakman3a@alexa.com,Agender,
Paolo,Howick,10/9/2020,phowick3b@tinyurl.com,Agender,57 Melody Terrace
Stefano,Furnival,9/13/2020,sfurnival3c@addthis.com,Genderqueer,95 Buhler Point
Murry,Tisun,9/1/2021,mtisun3d@zimbio.com,Genderqueer,6010 Muir Parkway
Carmel,Waadenburg,1/5/2021,cwaadenburg3e@jigsy.com,Genderfluid,1844 Maryland Avenue
Hilda,Pursehouse,4/8/2020,hpursehouse3f@mysql.com,Female,88482 Manitowish Alley
Jefferson,Kither,3/10/2021,jkither3g@purevolume.com,Female,5 Sutteridge Junction
Guss,Pickerin,8/11/2020,gpickerin3h@blinklist.com,Non-binary,180 Shasta Junction
Clifford,Alan,7/12/2021,calan3i@sbwire.com,Female,765 Ridge Oak Court
Joyous,Marczyk,6/17/2021,jmarczyk3j@reuters.com,Female,
Hermione,Scurrey,8/16/2021,,Agender,14807 Oak Valley Pass
Cele,Langworthy,5/5/2021,clangworthy3l@japanpost.jp,Female,74694 Onsgard Road
Northrop,Churchard,11/13/2021,nchurchard3m@bloomberg.com,Male,
Holden,Please,5/17/2020,hplease3n@ftc.gov,Bigender,
Salome,Donnersberg,10/3/2020,sdonnersberg3o@cornell.edu,Female,335 International Pass
Caron,Liptrod,7/27/2020,cliptrod3p@smugmug.com,Male,04157 Kenwood Hill
Boot,Hawtry,12/14/2021,bhawtry3q@vimeo.com,Male,00 Larry Court
Cyndy,Rappoport,8/29/2020,crappoport3r@geocities.jp,Polygender,454 Maple Wood Junction
Emily,Verchambre,11/21/2021,everchambre3s@wikimedia.org,,
Dael,Noble,6/17/2021,dnoble3t@mayoclinic.com,Agender,11822 Lawn Parkway
Darren,Kohtler,11/12/2020,dkohtler3u@noaa.gov,Agender,51 Redwing Drive
Dicky,Bridgwood,6/26/2021,dbridgwood3v@auda.org.au,Non-binary,53542 Kinsman Park
Angy,Grimme,10/4/2021,agrimme3w@walmart.com,Polygender,02 Farwell Center
Dorotea,Verny,11/12/2021,dverny3x@goo.ne.jp,Genderqueer,888 Tony Crossing
Antonia,Mulqueeny,9/12/2020,amulqueeny3y@symantec.com,,79673 Fulton Drive
Aylmar,Hallas,10/4/2020,ahallas3z@umn.edu,Polygender,94 Glendale Trail
Karissa,Mainstone,4/21/2020,,,2 Northview Lane
Ely,Gadman,10/10/2021,egadman41@example.com,Genderqueer,
Teodoro,MacNeilly,1/26/2022,tmacneilly42@redcross.org,Non-binary,422 International Park
Erma,Barthrup,6/5/2020,ebarthrup43@ca.gov,Agender,9 Cardinal Crossing
Dolph,Pistol,5/10/2020,dpistol44@1und1.de,Female,7 Old Shore Crossing
Roz,McNess,7/10/2020,rmcness45@globo.com,Female,44 Logan Terrace
Aida,Copland,4/16/2021,acopland46@blogs.com,,
Avram,Spong,10/21/2021,aspong47@marketwatch.com,Bigender,2 Sloan Hill
Gael,Mucklo,2/20/2020,gmucklo48@mozilla.org,,2 Center Alley
Erena,Tupp,10/11/2021,etupp49@e-recht24.de,Polygender,
Revkah,Birkhead,8/1/2021,rbirkhead4a@smugmug.com,Genderfluid,17 Village Terrace
Hildegaard,McTear,6/6/2021,hmctear4b@rakuten.co.jp,Male,06634 Nelson Court
Rollo,Brownell,11/3/2021,rbrownell4c@pbs.org,Genderfluid,
Moises,Larsen,8/27/2021,mlarsen4d@yahoo.co.jp,Male,0 Toban Trail
Dominica,Hardern,12/14/2021,dhardern4e@hud.gov,Non-binary,91163 Moulton Trail
Alyce,Rumbellow,8/5/2021,arumbellow4f@accuweather.com,Male,42 Valley Edge Parkway
Edward,Aldous,11/18/2021,ealdous4g@studiopress.com,Polygender,
Tiena,Khrishtafovich,12/17/2021,tkhrishtafovich4h@sourceforge.net,Bigender,0 Lighthouse Bay Crossing
Clerissa,Brumby,4/28/2021,cbrumby4i@princeton.edu,Male,773 Meadow Valley Trail
Helli,Bulfoot,7/13/2021,hbulfoot4j@unicef.org,Male,5 Lillian Junction
Edgard,Brunton,4/28/2020,ebrunton4k@mapy.cz,,39745 Hooker Circle
Quintus,Backshall,9/12/2020,qbackshall4l@stumbleupon.com,Bigender,362 Kedzie Alley
Eugine,Curryer,8/15/2021,ecurryer4m@cocolog-nifty.com,,9 Milwaukee Alley
Barbee,Heinecke,3/12/2020,bheinecke4n@hatena.ne.jp,Agender,6037 Columbus Lane
Brook,Grestye,11/11/2021,bgrestye4o@vistaprint.com,,138 Sutherland Place
Adriano,McGuiness,10/22/2020,amcguiness4p@spiegel.de,Bigender,1 Badeau Center
Jerry,Iapico,7/26/2020,jiapico4q@answers.com,Non-binary,8798 Declaration Terrace
Kristal,Stanyer,11/1/2021,kstanyer4r@squarespace.com,Female,02375 Loeprich Plaza
Sallyanne,Spellesy,5/16/2020,sspellesy4s@google.com,Polygender,
Nana,Llopis,9/19/2020,nllopis4t@harvard.edu,Genderfluid,4 Twin Pines Way
Benito,Steels,3/5/2021,bsteels4u@topsy.com,Agender,
Gillan,Justis,8/13/2020,gjustis4v@vk.com,Polygender,865 Columbus Plaza
Rodie,Bloschke,7/15/2020,rbloschke4w@squidoo.com,Genderfluid,501 Linden Circle
Tonye,Mapplethorpe,11/3/2021,tmapplethorpe4x@nih.gov,Bigender,06 Blaine Trail
Teodor,Clamp,12/21/2020,tclamp4y@ihg.com,Genderfluid,4 Almo Road
Bordie,Bruckman,1/5/2022,bbruckman4z@liveinternet.ru,Polygender,3037 Maryland Terrace
Zachariah,Foot,11/7/2021,zfoot50@gizmodo.com,Agender,7 Arapahoe Plaza
Ted,Manthroppe,7/7/2021,tmanthroppe51@umich.edu,,96 Rusk Place
Helaine,Le Huquet,2/8/2021,,Bigender,076 Mallard Circle
Karola,Solley,6/28/2020,ksolley53@scribd.com,Genderfluid,6754 Kingsford Place
Emma,Glynne,7/7/2021,eglynne54@xing.com,Male,6 Arapahoe Plaza
Waldon,Durtnall,12/23/2021,wdurtnall55@360.cn,Bigender,99 Atwood Way
Birgit,Farrant,7/28/2021,bfarrant56@springer.com,Female,53366 Ramsey Point
Rebe,Natte,6/8/2021,rnatte57@networkadvertising.org,Genderfluid,
Brande,Vinnick,5/24/2020,bvinnick58@psu.edu,Polygender,950 Saint Paul Drive
Currey,Verma,6/23/2021,cverma59@ifeng.com,Genderqueer,1 Sloan Pass
Prissie,Grinikhin,8/8/2021,,Female,
Gannon,Leathart,10/3/2021,gleathart5b@themeforest.net,,585 Forest Run Terrace
Talyah,Brome,2/27/2021,tbrome5c@bigcartel.com,Polygender,
Dex,Conelly,1/21/2021,dconelly5d@noaa.gov,Male,1850 Pepper Wood Lane
Tamarah,Eim,12/17/2021,teim5e@shinystat.com,Agender,
Ellwood,Willoway,6/4/2020,ewilloway5f@sohu.com,,43 Sachs Plaza
Yovonnda,Perazzo,1/27/2020,yperazzo5g@columbia.edu,Polygender,
Goober,Werner,10/22/2021,gwerner5h@bing.com,Polygender,
Palmer,Yeulet,9/30/2021,pyeulet5i@sina.com.cn,Genderfluid,
Delores,Lumbers,11/6/2020,dlumbers5j@census.gov,Bigender,2 Havey Circle
Doreen,Thireau,6/23/2020,dthireau5k@discuz.net,,1239 Kensington Crossing
Kerwin,Jannaway,5/20/2020,kjannaway5l@utexas.edu,Agender,7110 Johnson Alley
Latashia,Bartelot,5/30/2020,lbartelot5m@harvard.edu,,00207 Union Drive
Josey,Piggens,5/29/2020,jpiggens5n@cornell.edu,Genderqueer,042 Sommers Terrace
Olympia,Windress,1/8/2022,owindress5o@nationalgeographic.com,Polygender,
Zonda,,2/28/2021,zpeirpoint5p@fotki.com,Bigender,33 Goodland Pass
Schuyler,Gotts,8/30/2021,sgotts5q@fema.gov,,5355 Butterfield Terrace
Ruthann,St. Queintain,3/2/2021,rstqueintain5r@jugem.jp,Polygender,17 Union Road
Hannah,Keher,6/12/2020,hkeher5s@flavors.me,Female,1 4th Pass
Shelagh,Shemmans,5/12/2021,,Genderqueer,
Rorke,Sweetsur,3/3/2021,rsweetsur5u@accuweather.com,Male,89763 Ryan Terrace
Darryl,Rentoul,6/2/2021,,Bigender,84 Tomscot Way
Kathryne,Stollsteimer,5/5/2020,kstollsteimer5w@wikipedia.org,Bigender,4905 Paget Pass
Modestia,Close,3/25/2021,mclose5x@wiley.com,Polygender,566 Michigan Lane
Bogey,Ramsier,2/1/2020,bramsier5y@weather.com,Non-binary,074 5th Trail
Ekaterina,Waddell,6/3/2020,ewaddell5z@chronoengine.com,,44 Service Point
Sauncho,Walesa,10/20/2021,swalesa60@cbsnews.com,Bigender,8967 Goodland Way
Jaye,Bodocs,6/9/2021,jbodocs61@paypal.com,Agender,8 Tennyson Way
Reginald,Carvil,12/12/2021,rcarvil62@apple.com,Agender,77 Carioca Way
Albrecht,Edlin,3/11/2021,aedlin63@geocities.com,Bigender,3 Independence Trail
Dannye,Vernon,8/15/2020,dvernon64@cpanel.net,Bigender,05282 Walton Way
Son,Plewman,8/25/2021,,,
Vivi,Larret,3/31/2020,vlarret66@tinyurl.com,Bigender,2822 Hanson Pass
Anica,Rockwell,11/25/2021,arockwell67@dropbox.com,Genderfluid,3 Duke Park
Lennard,Scutter,2/3/2021,lscutter68@goo.gl,Genderfluid,11514 Texas Point
Darlleen,Assard,4/2/2021,dassard69@foxnews.com,Male,572 Trailsway Center
Jessika,Musso,8/15/2021,jmusso6a@umn.edu,,2374 Dorton Crossing
Joyan,Iacobetto,1/11/2022,,,6121 Cardinal Drive
Ram,Pilch,4/23/2021,rpilch6c@mashable.com,Genderqueer,8 Twin Pines Terrace
Kimbell,Kilalea,8/12/2020,kkilalea6d@nature.com,Agender,50751 Almo Terrace
Tawsha,Stucksbury,2/27/2021,tstucksbury6e@va.gov,Polygender,3749 Sunfield Trail
Skelly,Lipgens,5/21/2020,slipgens6f@angelfire.com,Genderfluid,7 Mallard Place
Hedda,Yates,1/13/2021,hyates6g@goo.gl,Female,0 Grayhawk Avenue
Ignace,Loughnan,5/21/2020,iloughnan6h@alibaba.com,Genderqueer,1 Barnett Crossing
Ingamar,Bearn,6/15/2020,ibearn6i@theglobeandmail.com,Male,10 Fulton Plaza
Theresina,Bullant,10/21/2020,tbullant6j@wp.com,Agender,004 Algoma Court
Rodolphe,O'Brollachain,3/21/2020,robrollachain6k@de.vu,Male,2 Merry Trail
Dav,Kindred,11/18/2021,dkindred6l@sakura.ne.jp,Agender,41191 Rowland Parkway
Cornall,Cargenven,8/2/2020,ccargenven6m@infoseek.co.jp,Genderfluid,73 Utah Pass
Misti,Soames,7/27/2021,msoames6n@surveymonkey.com,Bigender,
Gage,Hebard,2/23/2021,ghebard6o@loc.gov,Female,
Crawford,McElvogue,3/25/2021,cmcelvogue6p@cisco.com,Bigender,615 Hoepker Place
Trumaine,Payfoot,11/30/2020,tpayfoot6q@netvibes.com,Bigender,1620 Mcbride Center
Randal,Narbett,8/18/2021,rnarbett6r@constantcontact.com,Bigender,9632 Surrey Trail
Rosie,Render,4/13/2021,rrender6s@g.co,Agender,
Chrisse,Wallbrook,5/5/2021,,Polygender,
Gerti,Luty,10/6/2021,gluty6u@narod.ru,Bigender,5888 Graceland Parkway
Eartha,Zum Felde,7/2/2021,ezumfelde6v@hhs.gov,Agender,421 Bayside Junction
Cyb,Wanka,5/9/2020,cwanka6w@mozilla.com,,
Lorain,Spottswood,10/14/2020,lspottswood6x@so-net.ne.jp,Male,5 Del Sol Junction
Shoshana,Izakovitz,4/4/2020,sizakovitz6y@netscape.com,Bigender,15084 Green Ridge Lane
Kassia,Sangster,11/15/2021,ksangster6z@bigcartel.com,Polygender,
Zebulon,Kemmett,4/1/2020,,Bigender,5 Pawling Crossing
Tristam,Farriar,3/8/2021,tfarriar71@smugmug.com,Non-binary,4382 Springview Street
Sidney,,2/22/2020,sprinett72@vimeo.com,,75589 Iowa Lane
Ingra,Eyer,10/14/2021,ieyer73@instagram.com,Female,1 Debs Plaza
Elianore,Ellerbeck,9/23/2020,eellerbeck74@techcrunch.com,Bigender,
Ania,,4/27/2020,afearne75@github.io,,5 Corscot Lane
Avrit,Vaughan,7/23/2021,avaughan76@storify.com,Agender,28269 Grayhawk Road
Quentin,Nijssen,8/6/2020,qnijssen77@cmu.edu,Bigender,76705 Petterle Road
Courtnay,Vaughten,6/23/2020,cvaughten78@ucsd.edu,Genderfluid,67396 Dovetail Drive
Newton,Mattheus,2/16/2020,nmattheus79@npr.org,Female,62 Service Place
Ernesta,Coalbran,9/30/2020,ecoalbran7a@ask.com,Genderfluid,78 Manley Circle
Callida,Tynewell,3/9/2020,ctynewell7b@digg.com,Bigender,52971 Onsgard Terrace
Cahra,Belham,9/22/2021,cbelham7c@google.com.au,,155 Merry Parkway
Gare,Larham,10/31/2020,,Genderfluid,
Wyn,O'Lagene,9/8/2021,wolagene7e@unc.edu,Female,3 American Ash Lane
Angelica,Bastin,9/29/2021,abastin7f@naver.com,Genderqueer,494 Hoard Junction
Egan,Moiser,6/17/2020,emoiser7g@loc.gov,Agender,54537 Cordelia Lane
Monah,Threadgould,2/27/2021,mthreadgould7h@parallels.com,Female,171 Hermina Lane
Clem,Wolseley,8/19/2020,cwolseley7i@admin.ch,,
Hobey,Geekie,3/29/2021,hgeekie7j@businesswire.com,,
Jaynell,Hudel,1/20/2021,jhudel7k@cyberchimps.com,Polygender,4310 Little Fleur Place
Cathrin,Dunford,12/24/2020,cdunford7l@soundcloud.com,Female,44 Starling Place
Angelita,Logan,1/24/2021,alogan7m@bloomberg.com,Polygender,4 Nevada Trail
Danila,Witherdon,12/9/2021,dwitherdon7n@economist.com,,581 Melody Place
Noell,Pottberry,9/25/2020,npottberry7o@slate.com,,79819 Sage Hill
Biddie,Mound,2/8/2021,bmound7p@hubpages.com,Non-binary,7877 Waubesa Lane
Ede,Meikle,7/2/2021,emeikle7q@themeforest.net,Agender,2 2nd Drive
Bettina,Finnigan,2/11/2020,bfinnigan7r@ucla.edu,Female,
Evangelin,Troker,9/17/2021,etroker7s@ask.com,Agender,63453 Grim Plaza
Forbes,Benedidick,6/4/2020,fbenedidick7t@hp.com,,248 4th Pass
Clementia,Brandham,7/2/2020,cbrandham7u@ebay.com,Male,43222 Larry Plaza
Clemente,Ruslen,8/4/2020,cruslen7v@marketwatch.com,Female,
Margot,Stockow,3/19/2020,mstockow7w@ow.ly,Bigender,17304 Harbort Parkway
Sheilakathryn,Dummigan,8/16/2021,sdummigan7x@miitbeian.gov.cn,Female,023 Miller Avenue
Frankie,Crennan,1/1/2021,fcrennan7y@google.com.hk,Polygender,50 Service Parkway
Magda,Bethel,12/14/2020,mbethel7z@github.com,Genderfluid,30008 Buell Hill
Korella,Gouthier,8/14/2021,kgouthier80@studiopress.com,Female,
Gilberto,Neild,4/4/2021,gneild81@engadget.com,Polygender,
Ameline,Kennea,6/16/2021,akennea82@sciencedirect.com,Bigender,535 Buell Lane
Karita,Gumby,1/12/2021,kgumby83@soup.io,Bigender,932 Manley Plaza
Laurens,Lorens,2/26/2020,llorens84@tamu.edu,Polygender,63679 Badeau Lane
Basia,Brombell,4/30/2021,bbrombell85@infoseek.co.jp,Genderqueer,613 Fulton Drive
Boigie,Patters,6/15/2020,bpatters86@prlog.org,Non-binary,0801 Maryland Avenue
Agna,Heber,6/30/2021,aheber87@e-recht24.de,Non-binary,08 Tennyson Place
Nick,Tettley,2/9/2020,ntettley88@huffingtonpost.com,Agender,8 Hanover Crossing
Gael,Shurman,12/7/2020,,Bigender,
Donnajean,Hammand,4/6/2021,dhammand8a@ted.com,Bigender,859 Old Shore Park
Demetris,Krollman,9/28/2020,dkrollman8b@mashable.com,Bigender,6499 Butterfield Circle
Mady,Baythorp,10/16/2021,,Polygender,01130 Maple Park
Jayme,O'Halloran,11/9/2020,johalloran8d@yellowbook.com,Non-binary,99 Armistice Avenue
Cale,Airton,6/17/2021,,Female,11 Bowman Point
Burch,Slade,10/22/2020,bslade8f@goo.ne.jp,Female,47 Elgar Crossing
Pierette,Hanne,1/22/2021,,,89 Ridgeview Way
Lexie,Howorth,6/20/2021,,Bigender,4651 Arkansas Trail
Cati,Alexandrou,1/25/2022,calexandrou8i@hostgator.com,Female,
Zsazsa,Fenemore,4/9/2020,zfenemore8j@admin.ch,Genderfluid,33 Pearson Trail
Garth,Kem,5/30/2020,gkem8k@hp.com,Agender,3 Loeprich Lane
Avie,Vannucci,11/6/2020,avannucci8l@google.ru,Male,1441 Alpine Trail
Michelina,Brun,6/16/2020,mbrun8m@pbs.org,Genderqueer,
Jeanette,Oiseau,2/19/2020,joiseau8n@canalblog.com,Male,5 Norway Maple Trail
Udale,Kelsall,8/22/2020,ukelsall8o@odnoklassniki.ru,Non-binary,31 Butterfield Pass
Loni,Sothcott,4/2/2021,,Genderfluid,6 Bartelt Street
Elayne,Schimek,12/14/2021,eschimek8q@surveymonkey.com,Agender,
Bernice,Yoell,8/14/2020,byoell8r@goodreads.com,Bigender,907 Westerfield Terrace
Kessiah,Gogarty,5/7/2021,kgogarty8s@amazonaws.com,Bigender,
Joice,Asals,3/23/2020,jasals8t@fc2.com,Male,35814 Canary Court
Pearle,Haveline,7/28/2020,phaveline8u@pcworld.com,Female,6721 Rowland Pass
Gae,Prover,10/1/2021,,Male,3 Shasta Street
Jamesy,Thripp,8/26/2020,jthripp8w@techcrunch.com,,78447 Blackbird Park
Tiebout,Beecroft,11/15/2021,tbeecroft8x@stumbleupon.com,,052 Talmadge Center
Ameline,Goose,12/21/2021,agoose8y@earthlink.net,Female,5572 Melrose Way
Page,Schapiro,7/22/2021,pschapiro8z@smh.com.au,Genderqueer,16 Dayton Place
Haily,Minichillo,4/15/2021,hminichillo90@forbes.com,Non-binary,6 Caliangt Court
Elisabet,Polglase,10/11/2020,,Non-binary,09 Westend Plaza
Jarib,Goult,4/2/2020,jgoult92@squidoo.com,Female,5291 Monterey Street
Lurette,Ault,10/3/2020,lault93@spiegel.de,Bigender,7250 Hoepker Parkway
Sean,Cheavin,5/7/2020,,Genderqueer,69903 Lakewood Gardens Junction
Rosemaria,Awmack,11/21/2020,rawmack95@mozilla.com,Bigender,
Tab,Glide,1/26/2021,,Agender,87277 1st Drive
Jessie,Willcot,2/11/2020,jwillcot97@sina.com.cn,Polygender,1066 Del Mar Lane
Kit,Bondar,7/9/2020,kbondar98@acquirethisname.com,,
Mordecai,Fincher,8/7/2021,mfincher99@1und1.de,,6813 North Park
Justino,McAleese,5/30/2021,jmcaleese9a@opensource.org,Genderfluid,
Dani,Lyste,10/21/2020,dlyste9b@is.gd,Genderfluid,6 Pearson Trail
Kenton,Hans,5/6/2020,khans9c@friendfeed.com,,23329 Donald Avenue
Lynelle,Bampkin,6/30/2020,lbampkin9d@posterous.com,Non-binary,0 Lyons Crossing
Griff,Nickoll,5/4/2021,,Non-binary,87163 Hoepker Alley
Adel,Joss,4/24/2020,,Genderqueer,045 Farwell Terrace
Pennie,Rochelle,11/29/2020,prochelle9g@prweb.com,Genderqueer,6741 Melby Circle
Timi,Garces,4/3/2020,tgarces9h@oaic.gov.au,Polygender,97 Huxley Junction
Whitby,Uzielli,2/13/2020,wuzielli9i@noaa.gov,,17 Lillian Parkway
Georgeta,Wilde,11/9/2020,gwilde9j@wordpress.org,Genderqueer,83 Hauk Crossing
Marianna,De Witt,4/12/2021,mdewitt9k@histats.com,Genderfluid,
Marni,Bentsen,2/13/2020,mbentsen9l@deviantart.com,,19185 Gerald Crossing
Frankie,Cruft,5/7/2021,fcruft9m@posterous.com,Polygender,0 Dennis Junction
Merle,Bruyntjes,2/22/2020,mbruyntjes9n@prweb.com,,0308 Hovde Drive
April,Gwinn,1/13/2022,agwinn9o@cmu.edu,Female,17 Garrison Road
Kevina,Pirouet,4/30/2020,kpirouet9p@uiuc.edu,Non-binary,
Malanie,Henrichs,11/5/2020,mhenrichs9q@unblog.fr,Female,889 Laurel Road
Jacqueline,Mullaney,12/7/2021,jmullaney9r@cornell.edu,Agender,90 Farmco Road
Killy,Riddett,7/8/2020,kriddett9s@tumblr.com,Non-binary,19457 Truax Street
Ase,Fuente,9/25/2020,afuente9t@microsoft.com,Non-binary,
Had,Stede,3/20/2020,hstede9u@cornell.edu,Genderfluid,64896 Hazelcrest Road
Dawn,Weatherdon,5/25/2021,dweatherdon9v@angelfire.com,Bigender,23 Loeprich Crossing
Doralin,Tellenbrok,1/28/2020,dtellenbrok9w@a8.net,Genderfluid,67 Ludington Lane
Hamil,Jacqueminot,11/9/2020,hjacqueminot9x@virginia.edu,Bigender,108 Lawn Trail
Ida,Manzell,10/16/2020,imanzell9y@google.ca,Genderfluid,7402 Warner Road
Tresa,Leadstone,3/8/2020,tleadstone9z@google.ru,Male,4144 Tomscot Alley
Crissy,Van den Oord,7/18/2020,cvandenoorda0@google.fr,Bigender,522 Kim Park
Ailey,Ashpole,2/18/2020,aashpolea1@angelfire.com,Agender,9 Hooker Junction
Errol,Ledeker,9/17/2020,eledekera2@icio.us,,402 Lukken Crossing
Coleman,Hassent,3/25/2020,chassenta3@narod.ru,Genderfluid,66 Cascade Pass
Vere,Rivard,9/14/2021,vrivarda4@tamu.edu,Male,54552 Acker Park
Dunn,Singyard,2/29/2020,dsingyarda5@paypal.com,Male,3 Mallard Center
Helenka,Bastock,2/21/2020,hbastocka6@ning.com,,
Tybi,Hebburn,12/31/2021,thebburna7@webmd.com,,326 Red Cloud Parkway
Ivar,Kohlert,9/2/2021,ikohlerta8@sakura.ne.jp,Bigender,43 Farragut Center
Giana,Hambrick,11/14/2020,ghambricka9@noaa.gov,Male,79656 Fairfield Avenue
Theo,Ubee,12/26/2021,tubeeaa@istockphoto.com,Bigender,
Ivan,Costin,10/3/2021,icostinab@example.com,Genderfluid,29990 Ridgeview Parkway
Jordon,Dinjes,2/3/2021,jdinjesac@elegantthemes.com,Female,6 Village Way
Dunstan,Burfield,9/16/2020,dburfieldad@tinyurl.com,Genderfluid,9132 Derek Terrace
Helene,Heaphy,4/7/2021,hheaphyae@un.org,Male,
Car,Dorrian,5/8/2021,cdorrianaf@ifeng.com,Polygender,72 Continental Court
Willy,Kitt,2/10/2021,wkittag@merriam-webster.com,Polygender,31200 Morning Place
Gerianne,Moyser,5/29/2020,gmoyserah@opensource.org,Bigender,37519 Upham Crossing
Clemente,Hearnes,8/5/2021,chearnesai@behance.net,,
Vanna,Cheson,8/14/2021,vchesonaj@friendfeed.com,Male,6 Norway Maple Court
Rollo,Falconer-Taylor,8/13/2021,rfalconertaylorak@wp.com,Bigender,29018 Union Lane
Lynnette,Froude,8/24/2020,lfroudeal@europa.eu,Genderfluid,
Farrand,Fasset,12/11/2021,ffassetam@mapquest.com,Genderqueer,2 Katie Crossing
Reynard,Drewitt,4/2/2021,rdrewittan@chicagotribune.com,Genderqueer,6828 Dottie Place
Hetti,Looney,9/26/2020,hlooneyao@dropbox.com,,
Audie,Phelps,5/22/2020,aphelpsap@prnewswire.com,,6493 Jana Plaza
Sybil,Coslitt,4/22/2021,scoslittaq@washingtonpost.com,,1 Sugar Way
Vonni,Pledge,1/28/2021,vpledgear@paypal.com,Bigender,
Cordie,Perring,10/11/2020,cperringas@joomla.org,Genderfluid,
Miguela,Doeg,7/22/2021,,Genderfluid,07666 West Terrace
Gusti,Deere,4/13/2020,gdeereau@edublogs.org,Genderqueer,66060 David Parkway
Montgomery,Brandes,12/13/2021,mbrandesav@upenn.edu,Bigender,15015 Superior Center
Gladys,Lerven,10/30/2021,glervenaw@jalbum.net,Agender,92 Kropf Parkway
Bradan,De Domenicis,11/5/2020,bdedomenicisax@example.com,Male,09053 Rowland Circle
Huntley,McKeag,2/2/2020,,Agender,50385 Blackbird Place
Mikkel,Diment,5/28/2021,mdimentaz@toplist.cz,,178 Roth Park
Ebonee,Garriock,7/7/2021,egarriockb0@mediafire.com,Female,8285 Memorial Terrace
Harli,Pach,3/16/2020,hpachb1@netvibes.com,,
Thurston,Scapens,11/13/2020,tscapensb2@unicef.org,Female,5 Ridgeway Lane
Rollie,Dunne,5/27/2021,rdunneb3@over-blog.com,,
Yorke,Mallen,11/2/2020,ymallenb4@vinaora.com,Genderqueer,14 Kipling Lane
Aura,Trethewey,8/19/2020,,Bigender,
Alfy,Woliter,1/6/2021,awoliterb6@usatoday.com,Genderfluid,46469 Lake View Plaza
Portie,McKiddin,6/20/2020,pmckiddinb7@usa.gov,Agender,0 Lakewood Gardens Junction
Maurice,Breckon,6/8/2021,mbreckonb8@dailymotion.com,Agender,3753 Brentwood Junction
Georgie,Rumke,11/12/2020,grumkeb9@macromedia.com,Genderfluid,762 Shoshone Center
Sukey,Lawleff,9/6/2021,slawleffba@hud.gov,Genderfluid,421 Gulseth Street
Letizia,Hazlehurst,2/15/2021,lhazlehurstbb@youku.com,Female,8787 Center Plaza
Annmarie,Tomeo,3/5/2021,atomeobc@cocolog-nifty.com,Non-binary,37467 Southridge Plaza
Marten,Flobert,7/26/2021,mflobertbd@mlb.com,,4 Esch Crossing
Rock,Kenealy,4/3/2020,rkenealybe@discuz.net,Genderfluid,7122 American Point
Dulcy,Saura,12/17/2021,dsaurabf@sbwire.com,,862 Quincy Circle
Matt,Fuller,5/8/2021,mfullerbg@vkontakte.ru,Female,58682 Meadow Vale Lane
Ric,Mackerness,7/10/2020,rmackernessbh@umn.edu,Female,4 Hooker Court
Olav,Passingham,2/15/2020,opassinghambi@nyu.edu,Bigender,71311 Russell Park
Adelle,Skeermor,4/30/2021,askeermorbj@ovh.net,Genderfluid,02052 Magdeline Avenue
Caterina,Neasam,11/8/2020,cneasambk@spiegel.de,Genderqueer,3 Delaware Center
Deni,Chesshyre,8/16/2020,dchesshyrebl@com.com,,01 Schurz Terrace
Barde,Dochon,1/31/2020,bdochonbm@lycos.com,Agender,009 American Ash Junction
Emmalynn,Collabine,2/11/2021,ecollabinebn@lycos.com,Bigender,393 Eggendart Pass
Blake,Pethick,12/19/2021,bpethickbo@nba.com,Female,64710 Myrtle Street
Regina,Tonbridge,2/22/2020,rtonbridgebp@xrea.com,Male,1871 Bobwhite Terrace
Jaclyn,Meachen,5/9/2020,jmeachenbq@aboutads.info,Female,378 Clyde Gallagher Trail
Quintina,Filipczak,7/27/2020,qfilipczakbr@google.com.br,Non-binary,27350 Lakewood Crossing
Willard,Merner,8/12/2020,,Genderqueer,50 Troy Crossing
Drusilla,Raecroft,5/30/2021,,Genderfluid,49 Hallows Hill
Hatty,Abrami,9/14/2021,habramibu@berkeley.edu,Non-binary,070 Dottie Avenue
Yves,Gwinn,11/1/2021,ygwinnbv@arizona.edu,Non-binary,164 Crescent Oaks Pass
Sinclare,Ephson,9/28/2020,sephsonbw@upenn.edu,Genderfluid,1361 Debs Parkway
Dun,Cromblehome,2/24/2020,dcromblehomebx@a8.net,Polygender,
Addi,Matoshin,12/23/2020,amatoshinby@fastcompany.com,Male,6577 Summer Ridge Pass
Lynn,Bainbrigge,12/29/2021,lbainbriggebz@newsvine.com,Bigender,7838 Maryland Alley
Ethelred,Ranscomb,8/6/2021,eranscombc0@harvard.edu,Female,7071 Talisman Place
Kathlin,Freckingham,4/5/2021,kfreckinghamc1@yale.edu,,
Jillane,Slayton,11/9/2020,,Bigender,8 Lighthouse Bay Parkway
Irena,,1/3/2022,ilutoc3@usatoday.com,Agender,07220 Brickson Park Parkway
Alexandrina,Wardley,11/30/2021,awardleyc4@weebly.com,Agender,76787 Main Junction
Fidelio,Farady,6/3/2021,ffaradyc5@bbb.org,Polygender,780 Jay Drive
Glynda,Bartot,4/13/2020,gbartotc6@friendfeed.com,Non-binary,712 Waubesa Center
Gwennie,Ellershaw,11/13/2021,gellershawc7@abc.net.au,Polygender,
Eustace,Crassweller,3/18/2021,ecrasswellerc8@theglobeandmail.com,Male,0395 Moland Court
Cecil,Pimlett,5/15/2021,cpimlettc9@netlog.com,Polygender,
Alaric,Veysey,6/16/2021,aveyseyca@clickbank.net,Polygender,85 Algoma Street
Morie,Christin,1/24/2022,mchristincb@washingtonpost.com,Bigender,83485 Macpherson Hill
Madelina,Ireson,11/16/2021,miresoncc@washington.edu,Bigender,20633 Prairieview Junction
Darrel,Edelheit,2/23/2021,,Bigender,935 Ramsey Lane
Pauly,Ganny,5/31/2020,pgannyce@dmoz.org,Bigender,4248 Northview Crossing
Beckie,Acres,10/21/2020,bacrescf@salon.com,Female,119 Di Loreto Drive
Seamus,Sloat,12/11/2021,ssloatcg@moonfruit.com,Polygender,440 Hagan Park
Sena,Lurriman,5/20/2020,slurrimanch@furl.net,,009 Red Cloud Parkway
Niccolo,Duckels,8/27/2020,nduckelsci@unesco.org,,2701 Carpenter Parkway
Bernete,McGeoch,8/13/2020,bmcgeochcj@barnesandnoble.com,Bigender,8737 Nelson Terrace
Ginelle,Grelak,1/10/2021,ggrelakck@state.gov,Polygender,8 Fallview Hill
Brittany,Iacomelli,3/1/2020,biacomellicl@vinaora.com,Genderqueer,50 Rowland Hill
Layla,Breeton,11/11/2020,,Agender,
Vassily,Cruft,2/1/2020,vcruftcn@google.es,Bigender,85 Hazelcrest Place
Allie,Clooney,6/24/2020,aclooneyco@phpbb.com,,191 Anzinger Point
Meryl,,11/7/2020,mmckerliecp@omniture.com,Bigender,6319 Memorial Trail
Sarita,Dowding,11/6/2020,sdowdingcq@parallels.com,Genderfluid,7 Lindbergh Point
Bryna,Burridge,8/21/2021,bburridgecr@yahoo.co.jp,Genderqueer,84 Schurz Hill
Cherice,Gloyens,12/21/2021,cgloyenscs@ameblo.jp,Male,6602 Fairview Junction
Alley,Zaple,5/16/2020,azaplect@moonfruit.com,Bigender,6 Valley Edge Junction
Bert,Spires,8/4/2020,bspirescu@bloglovin.com,Genderqueer,33049 Muir Way
Isaak,Treversh,5/30/2020,itrevershcv@umn.edu,Female,7530 Grasskamp Junction
Andrea,,1/17/2021,aauldscw@sourceforge.net,Agender,46255 Anniversary Point
Roscoe,Crank,6/23/2020,rcrankcx@nbcnews.com,Genderqueer,000 Farragut Circle
Eugen,McGeachie,11/28/2020,emcgeachiecy@archive.org,Genderfluid,155 Kropf Hill
Kendricks,Brendish,2/21/2020,kbrendishcz@tripod.com,Polygender,6099 Marcy Court
Karoly,Hawkswood,8/13/2020,khawkswoodd0@symantec.com,Female,21 Forest Plaza
Veda,Killimister,2/6/2020,vkillimisterd1@histats.com,Agender,42 Sunbrook Center
Ragnar,Kleinstein,10/7/2020,rkleinsteind2@a8.net,Female,0 La Follette Park
Berte,Gandey,6/19/2020,bgandeyd3@thetimes.co.uk,Bigender,8 Northland Pass
Rafaellle,Kerin,7/27/2021,rkerind4@deviantart.com,Female,8 Hagan Crossing
Alisander,Buckel,12/7/2020,abuckeld5@ca.gov,Male,
Angelica,Scolding,2/17/2020,ascoldingd6@cmu.edu,Male,519 Hansons Parkway
Cindie,Hadley,12/25/2021,chadleyd7@bloomberg.com,,47 Crest Line Junction
Thorstein,Hurran,6/17/2021,thurrand8@xinhuanet.com,Female,11 1st Road
Saunder,Fenelow,7/31/2020,sfenelowd9@yolasite.com,Non-binary,2 Bunker Hill Drive
Caresa,Jahner,3/31/2020,cjahnerda@furl.net,Female,070 Carberry Trail
Rancell,Robardley,3/11/2021,rrobardleydb@google.pl,Genderfluid,330 Kennedy Court
Jehanna,Nowick,6/3/2021,jnowickdc@plala.or.jp,Polygender,3222 Orin Trail
Gonzalo,Siggee,1/17/2021,gsiggeedd@nymag.com,,05162 Eggendart Pass
Ailyn,Eyckelberg,3/10/2020,aeyckelbergde@slate.com,Genderfluid,08104 Superior Street
Heidie,Kulver,11/11/2021,hkulverdf@e-recht24.de,Female,89089 Division Center
Renelle,Beckhouse,3/6/2020,rbeckhousedg@devhub.com,Polygender,35932 Fallview Trail
Derk,Stendall,1/28/2021,dstendalldh@ucsd.edu,Female,
Adelice,Eden,9/18/2021,aedendi@furl.net,Polygender,3880 Washington Drive
Griffin,Rosling,1/6/2022,groslingdj@tamu.edu,Genderfluid,
Tilly,Lichtfoth,8/31/2020,tlichtfothdk@va.gov,Agender,943 Claremont Road
Daryle,Rubberts,9/25/2021,drubbertsdl@cpanel.net,,
Francene,Ashby,2/26/2021,fashbydm@harvard.edu,Non-binary,6 Village Trail
Priscilla,St Leger,4/19/2020,pstlegerdn@cargocollective.com,Female,
Mersey,McGennis,10/8/2020,mmcgennisdo@smh.com.au,Male,
Stephie,Cleyne,7/19/2021,scleynedp@smh.com.au,Agender,6975 Jana Place
Darby,McGregor,4/28/2020,dmcgregordq@woothemes.com,Male,90501 Eastlawn Hill
Sabine,Sidebotton,4/8/2020,ssidebottondr@barnesandnoble.com,Genderqueer,0 Leroy Crossing
Tamarah,Bendixen,5/16/2021,tbendixends@discovery.com,Genderqueer,0 Mallard Plaza
Neal,Housego,3/12/2021,nhousegodt@howstuffworks.com,Male,
Sheila-kathryn,Dawber,7/11/2020,,Male,88 Hooker Circle
Verene,,4/5/2021,vshinedv@sphinn.com,,9 Sugar Junction
Opaline,Prise,7/19/2021,oprisedw@cnet.com,Male,956 1st Parkway
Martelle,Weeks,6/6/2020,mweeksdx@shop-pro.jp,,382 Warrior Plaza
Poppy,Deinhardt,11/29/2020,pdeinhardtdy@privacy.gov.au,Genderqueer,356 Chive Trail
Maryrose,Freckelton,1/21/2021,mfreckeltondz@sitemeter.com,Male,484 Kedzie Center
Tobie,Southgate,11/2/2020,tsouthgatee0@buzzfeed.com,Bigender,46 Karstens Hill
Amity,Fossey,1/10/2021,afosseye1@tiny.cc,Male,86288 Dawn Plaza
Stacy,Vanetti,3/21/2021,svanettie2@google.de,Genderqueer,85 Kingsford Drive
Mae,Wrefford,6/9/2020,mwrefforde3@omniture.com,Genderqueer,6 Division Trail
Celina,Breissan,3/9/2020,cbreissane4@stanford.edu,Polygender,
Toni,Deverell,5/3/2020,tdeverelle5@sphinn.com,Genderqueer,8 Bluejay Crossing
Helen-elizabeth,Luipold,4/19/2020,hluipolde6@hud.gov,Female,
Johann,Enticott,3/2/2021,jenticotte7@state.gov,Genderfluid,
Brittani,MacGowan,6/30/2020,bmacgowane8@bravesites.com,Polygender,9 Transport Pass
Elvyn,Janway,2/10/2021,,Genderqueer,1 Stang Park
Asa,Mechem,9/11/2020,amechemea@google.nl,,3 Park Meadow Park
Everett,Yockney,6/12/2021,eyockneyeb@ocn.ne.jp,,74 Twin Pines Avenue
Nananne,Betje,5/5/2020,nbetjeec@smh.com.au,Male,51 Eagle Crest Parkway
Pattie,Issacov,1/29/2020,pissacoved@nhs.uk,Female,7 Comanche Parkway
Clywd,Gordge,1/19/2022,cgordgeee@furl.net,Bigender,9569 Dapin Plaza
Della,Bryning,2/3/2021,dbryningef@acquirethisname.com,Agender,
Angelia,Stuchbury,4/22/2021,,,
Gwenni,Hodgin,9/26/2021,ghodgineh@samsung.com,Agender,122 Sutherland Alley
Frederigo,Donoghue,5/23/2021,,Polygender,812 Hudson Lane
Lonna,Masser,3/31/2020,,Polygender,099 Hanson Circle
Bond,Roxby,12/20/2021,broxbyek@abc.net.au,Male,0985 Anzinger Drive
Kissee,Jacobsohn,7/12/2020,kjacobsohnel@google.co.jp,Female,1276 Starling Circle
Myrtle,Sneezum,11/22/2021,msneezumem@columbia.edu,Bigender,38498 Scofield Hill
Chery,Margrie,4/20/2021,cmargrieen@edublogs.org,Male,9 Atwood Way
Dorette,Meikle,5/10/2020,dmeikleeo@mapquest.com,Non-binary,3110 Delaware Crossing
Merl,Garling,5/3/2021,mgarlingep@bloglovin.com,Genderqueer,
Rafael,Chable,12/17/2021,rchableeq@fc2.com,Agender,3408 Becker Trail
Virgilio,O'Sheerin,2/13/2020,vosheeriner@tinypic.com,Genderfluid,9 Springs Terrace
Kessiah,Kenlin,11/7/2021,kkenlines@sourceforge.net,Agender,56 Annamark Court
Persis,Bottelstone,7/11/2021,,Male,8697 American Street
Nickolaus,Mullineux,10/7/2021,nmullineuxeu@gizmodo.com,,680 Dayton Avenue
Ania,Bearsmore,12/24/2020,abearsmoreev@theguardian.com,Polygender,9984 Sunnyside Court
Kip,Forsey,8/23/2021,kforseyew@earthlink.net,Male,3 Duke Place
Lilah,Hayne,1/20/2021,,Genderqueer,360 Burrows Place
Dimitry,Briztman,7/10/2020,dbriztmaney@slashdot.org,Polygender,8791 Monica Junction
Isadore,Garbert,9/18/2021,igarbertez@mozilla.com,Genderqueer,6 Stone Corner Junction
Joly,Toretta,12/14/2021,jtorettaf0@multiply.com,Male,
Marietta,Lorence,11/16/2021,mlorencef1@lulu.com,Genderfluid,72 Di Loreto Center
Waverley,Kiddye,10/22/2021,,Genderfluid,12 International Junction
Derick,Berford,11/28/2020,dberfordf3@gizmodo.com,Bigender,
Milissent,Crispin,12/4/2020,,Genderfluid,2820 Dahle Place
Franciskus,Cappel,6/4/2021,fcappelf5@nationalgeographic.com,Female,6 Pawling Drive
Philly,D'Cruze,10/6/2021,pdcruzef6@earthlink.net,Genderfluid,3460 Dennis Street
Rosalie,Pettegree,5/25/2020,rpettegreef7@imgur.com,Genderqueer,
Mariejeanne,Mordin,5/16/2021,mmordinf8@army.mil,Genderfluid,0 Sycamore Pass
Lionello,Wield,5/4/2021,lwieldf9@ocn.ne.jp,Genderqueer,51311 Nancy Center
Violetta,Follen,12/24/2021,vfollenfa@ucsd.edu,,6 Rowland Center
Deirdre,Elsmor,12/25/2020,delsmorfb@wisc.edu,,
Mavra,Snartt,11/11/2020,msnarttfc@webmd.com,Genderfluid,795 2nd Trail
Gabriell,Clint,7/22/2020,gclintfd@vkontakte.ru,,21 Thackeray Park
Kellia,Ellingham,7/3/2020,,Polygender,815 Nelson Place
Orelee,Lardner,12/12/2020,,Female,98602 Grover Pass
Chanda,Iacovuzzi,10/2/2021,,Female,5005 Pawling Center
Cynthie,Gaylard,3/5/2020,cgaylardfh@cisco.com,Female,3236 Anniversary Junction
Chelsae,Josifovic,5/3/2021,cjosifovicfi@pen.io,Agender,42589 Melvin Avenue
Almeta,Rosier,7/31/2021,arosierfj@histats.com,Male,6652 Fordem Plaza
Pierce,Gwynne,1/16/2021,pgwynnefk@admin.ch,Polygender,
Kellen,Belvin,2/16/2020,kbelvinfl@about.com,Bigender,0222 Monument Drive
Mari,Barmadier,6/24/2020,mbarmadierfm@fc2.com,Non-binary,11991 Eastwood Road
Earl,Pentland,2/21/2020,epentlandfn@webmd.com,,5 John Wall Road
Karlen,Francesco,7/8/2021,kfrancescofo@e-recht24.de,Non-binary,09570 Florence Way
Kori,Wagg,11/27/2021,,Genderqueer,
Brita,Mackriell,5/8/2020,bmackriellfq@bloglines.com,Bigender,2707 Rieder Alley
Vida,Svanetti,5/11/2020,vsvanettifr@newyorker.com,Agender,8405 Debs Plaza
Zena,Sabine,5/5/2020,zsabinefs@buzzfeed.com,,6522 Anniversary Center
Nicolai,Melrose,8/23/2021,nmelroseft@addthis.com,Genderqueer,1634 Dawn Place
Hillary,Januszewicz,6/3/2020,hjanuszewiczfu@wordpress.com,Female,9 Rowland Court
Sanderson,Thackham,10/15/2020,sthackhamfv@google.co.uk,Female,593 Dottie Terrace
Kele,McIvor,4/14/2020,kmcivorfw@nifty.com,Agender,71 Clyde Gallagher Trail
Silas,MacCart,6/15/2021,smaccartfx@creativecommons.org,,35321 Debs Plaza
Kelsey,Teanby,3/20/2020,,Genderfluid,5 Hintze Park
Albie,McTrustie,3/8/2021,amctrustiefz@paypal.com,Non-binary,
Mandie,Kirk,4/29/2020,mkirkg0@oracle.com,Polygender,6 Hermina Parkway
Joice,Knowlman,2/19/2020,jknowlmang1@cyberchimps.com,Genderfluid,04064 West Street
Errick,Huston,12/27/2020,ehustong2@live.com,Genderqueer,3 Londonderry Center
Rogerio,Shutle,5/27/2020,,Bigender,61944 Annamark Way
Chancey,Germain,1/16/2022,cgermaing4@smugmug.com,Polygender,165 Truax Street
Dareen,Houseley,7/4/2021,,Female,
Ennis,Baigrie,8/15/2021,ebaigrieg6@zimbio.com,Bigender,37062 Elmside Avenue
Tanhya,Grindell,11/1/2021,tgrindellg7@prweb.com,,1 Banding Parkway
Wells,Brandli,11/26/2020,wbrandlig8@twitpic.com,Polygender,0 Sherman Pass
Matthiew,Fice,1/5/2021,mficeg9@squidoo.com,Female,79 Green Ridge Terrace
Hulda,Marshman,2/4/2020,hmarshmanga@prnewswire.com,Genderqueer,50 Memorial Park
Oralla,Pirrie,8/24/2020,opirriegb@wp.com,Polygender,
Willi,Leser,2/8/2021,wlesergc@infoseek.co.jp,,
Jessika,Fargie,6/10/2021,jfargiegd@ebay.com,Genderqueer,
Gilbertine,Pettecrew,6/18/2021,gpettecrewge@sitemeter.com,Bigender,57361 Dixon Place
Worthington,Varndall,3/28/2021,wvarndallgf@independent.co.uk,Genderfluid,2815 Columbus Lane
Lexy,Gristhwaite,12/14/2020,lgristhwaitegg@example.com,Bigender,2450 Porter Point
Wally,Foro,1/17/2021,wforogh@patch.com,Genderfluid,7094 Shelley Road
Meris,Jerosch,11/6/2020,mjeroschgi@pagesperso-orange.fr,Genderqueer,5 Anhalt Drive
Tanhya,Jansky,12/28/2021,tjanskygj@tmall.com,Genderqueer,8 Warner Road
Louisette,Giacopazzi,11/25/2021,lgiacopazzigk@redcross.org,Genderqueer,
Sybille,De Caroli,11/30/2020,sdecaroligl@behance.net,Female,
Alwin,Jeffry,6/25/2020,ajeffrygm@addthis.com,,79 Old Shore Trail
Ethan,Tuddenham,5/5/2020,etuddenhamgn@ameblo.jp,Male,66787 Toban Road
Colan,Kohnen,4/6/2020,ckohnengo@tumblr.com,Agender,938 Bunker Hill Terrace
Lexi,Mulroy,12/1/2021,lmulroygp@clickbank.net,Polygender,9323 Anniversary Lane
Hermie,Chatband,2/13/2021,hchatbandgq@psu.edu,Genderfluid,5935 Kenwood Park
Iggie,Caston,2/9/2021,icastongr@twitter.com,Polygender,849 Ridge Oak Plaza
Ethyl,Filewood,1/31/2021,efilewoodgs@blog.com,Agender,
Clare,Woodes,2/24/2020,,,
Raff,Aviss,9/26/2020,ravissgu@ebay.com,Genderqueer,01725 Westport Pass
Zorah,Callear,11/8/2020,zcalleargv@bizjournals.com,Genderfluid,3389 Oneill Hill
Mercedes,Coy,4/25/2020,mcoygw@google.fr,Agender,1841 Victoria Avenue
Milly,Claire,7/6/2020,mclairegx@dell.com,Genderqueer,01 Stang Trail
Jeffry,Casterou,5/18/2021,jcasterougy@admin.ch,Genderqueer,85 Jay Center
Major,Stampe,1/28/2021,mstampegz@typepad.com,Agender,6 Old Gate Road
Darryl,Rhodus,1/13/2022,drhodush0@ameblo.jp,Bigender,7 Brickson Park Hill
Tiebold,Holby,1/22/2021,tholbyh1@java.com,,14856 Mcguire Park
Gonzales,Brownsworth,7/22/2021,gbrownsworthh2@webeden.co.uk,Bigender,4082 Talmadge Drive
Godfry,Strong,10/6/2021,,Female,3 Morningstar Way
Cacilia,Jakuszewski,5/2/2021,cjakuszewskih4@lycos.com,Male,776 Monica Circle
Moyra,Braunter,10/12/2021,,Agender,5 Hallows Junction
Arlinda,Tosspell,12/13/2021,atosspellh6@google.ru,Female,169 Moland Circle
Chantal,Cuskery,4/6/2020,ccuskeryh7@canalblog.com,Male,16191 Kinsman Crossing
Andria,Panchin,12/22/2021,apanchinh8@ehow.com,Non-binary,6199 Grim Park
Waylin,Orteu,6/3/2020,worteuh9@networkadvertising.org,Bigender,997 Comanche Center
Aurora,Hanington,7/22/2020,ahaningtonha@dmoz.org,Female,
Sula,Whether,6/8/2020,swhetherhb@woothemes.com,Male,0279 Mosinee Court
Arleta,Sawkins,3/14/2020,asawkinshc@indiatimes.com,Female,65 Dexter Court
Bentlee,Purbrick,1/23/2022,bpurbrickhd@addtoany.com,Non-binary,2329 Golf Course Crossing
Kienan,Jinkinson,7/30/2021,kjinkinsonhe@baidu.com,Genderqueer,0 Vera Road
Fergus,MacAnellye,12/20/2021,fmacanellyehf@issuu.com,Female,32199 Shelley Way
Roby,Swaine,7/9/2020,rswainehg@tripod.com,Agender,01352 Morrow Drive
Cassie,Tailby,5/30/2021,ctailbyhh@twitter.com,,98530 Grover Hill
Yoko,Feitosa,10/24/2020,yfeitosahi@qq.com,Non-binary,187 Holy Cross Trail
Cecilia,,6/10/2020,ckieranhj@ifeng.com,Non-binary,422 Holy Cross Circle
Chery,Fattorini,10/23/2021,cfattorinihk@nbcnews.com,Genderfluid,81852 Sherman Trail
Charleen,Geldard,6/7/2020,,Genderqueer,67760 Florence Court
Alyda,Feirn,12/14/2021,afeirnhm@time.com,Bigender,3634 High Crossing Road
Quinlan,Cockrill,7/19/2021,qcockrillhn@blinklist.com,Male,98585 Delladonna Way
Janet,Bernardeschi,1/9/2021,jbernardeschiho@nature.com,Bigender,70628 Welch Way
Georgine,Jandl,2/22/2020,gjandlhp@bloglines.com,Genderfluid,7 Briar Crest Alley
Caria,Kopfer,11/27/2020,ckopferhq@aol.com,Female,937 Milwaukee Lane
Randy,Saint,9/25/2020,rsainthr@smh.com.au,Polygender,6 Springview Trail
Hilliard,McGuffie,10/25/2021,hmcguffiehs@ask.com,Agender,428 High Crossing Avenue
Lew,Andrassy,6/16/2020,landrassyht@desdev.cn,Genderqueer,18897 Clyde Gallagher Way
Meredith,Thaxter,11/18/2020,mthaxterhu@telegraph.co.uk,Genderfluid,48329 Elka Point
Darnall,Furzey,5/30/2020,,Genderqueer,7 Bellgrove Parkway
Corie,Jacquemard,5/26/2020,cjacquemardhw@harvard.edu,Genderqueer,
Stanislaw,Elcum,8/7/2021,selcumhx@comsenz.com,Genderfluid,
Bernard,Boolsen,7/27/2021,bboolsenhy@webmd.com,Non-binary,17 Service Alley
Ruthie,Berrie,10/2/2020,rberriehz@nba.com,Genderfluid,30230 Forest Dale Trail
Lanita,Clow,3/11/2021,lclowi0@jugem.jp,Polygender,0 Melvin Center
Adamo,Gabbot,4/18/2020,agabboti1@pcworld.com,Genderqueer,
Jania,Woodison,2/23/2020,jwoodisoni2@accuweather.com,Bigender,
Dorrie,Dorracott,2/16/2020,,Female,32020 Prairie Rose Pass
Janie,Berthel,3/30/2021,jbertheli4@pinterest.com,Genderqueer,
Janella,Penella,4/30/2021,,Genderqueer,5281 Cottonwood Trail
Emmalyn,Morphey,10/20/2020,emorpheyi6@cyberchimps.com,Agender,74207 Mesta Point
Gaby,Ridel,6/28/2021,grideli7@clickbank.net,Agender,
Violetta,Hawthorn,9/7/2021,vhawthorni8@nba.com,Non-binary,36 Fordem Pass
Rafaelia,Elven,1/2/2022,relveni9@whitehouse.gov,Genderfluid,94 Loomis Parkway
Shalom,MacAree,2/8/2021,smacareeia@people.com.cn,Female,090 Birchwood Point
Bendix,Southerden,12/23/2020,bsoutherdenib@nba.com,,37339 Anzinger Terrace
Nadiya,Kenderdine,11/3/2021,nkenderdineic@usnews.com,Female,03892 Autumn Leaf Circle
Ericka,Elsie,8/20/2021,eelsieid@woothemes.com,Polygender,5055 Mcbride Circle
Evered,Dounbare,1/14/2021,edounbareie@t-online.de,Agender,14 Debs Circle
Sada,Chang,12/14/2021,schangif@dell.com,Genderqueer,59 Lerdahl Street
Wolfy,Twinbrow,3/27/2020,wtwinbrowig@ca.gov,Agender,
Brooks,Abendroth,3/15/2020,babendrothih@godaddy.com,Female,0499 Ohio Park
Joey,Bellocht,6/15/2021,jbellochtii@fastcompany.com,Non-binary,50 Caliangt Trail
Wilona,Taplin,2/10/2021,wtaplinij@who.int,Genderqueer,78613 Elka Way
Bette,Itzchaky,8/3/2021,bitzchakyik@google.co.uk,,83 Larry Pass
Lodovico,Mouton,10/8/2020,lmoutonil@slashdot.org,Bigender,98 Sommers Drive
Celesta,Flaxon,12/8/2021,cflaxonim@seesaa.net,Bigender,9 Messerschmidt Drive
Zachery,Medeway,10/7/2021,,Agender,07 Ohio Hill
Judy,Laxen,3/21/2020,jlaxenio@discuz.net,Genderqueer,8 Grayhawk Junction
Celina,Wickie,6/13/2021,cwickieip@engadget.com,Polygender,1 Delladonna Point
Eden,Twitching,7/22/2021,etwitchingiq@sphinn.com,Non-binary,67296 Derek Park
Jaclyn,Laphorn,7/28/2020,,Female,68871 Sauthoff Trail
Hart,Clayill,3/27/2020,hclayillis@marketwatch.com,Female,61621 New Castle Street
Lem,Kingsly,7/15/2020,lkingslyit@mlb.com,Non-binary,
Esmaria,Van Halle,9/24/2021,evanhalleiu@t.co,Agender,707 Pepper Wood Park
Demetris,Delmonti,8/20/2021,ddelmontiiv@mayoclinic.com,Polygender,2589 Monument Avenue
Broddy,Denman,3/4/2020,bdenmaniw@dagondesign.com,Genderfluid,91705 Dennis Avenue
Lea,Roser,6/17/2021,lroserix@hibu.com,Agender,78 Meadow Ridge Plaza
Vin,Mangam,12/25/2020,,Agender,58 Gulseth Way
Benedetta,Mc Giffin,1/25/2022,bmcgiffiniz@sina.com.cn,Agender,
Everett,Oneill,2/10/2020,eoneillj0@github.io,Bigender,0994 Sullivan Parkway
Benjamin,Caird,9/23/2020,bcairdj1@berkeley.edu,Genderqueer,79 Sutherland Avenue
Adriaens,Seymark,7/14/2020,,Genderfluid,221 Northview Road
Kendrick,Galea,11/15/2021,kgaleaj3@loc.gov,Female,54 Grover Hill
Welbie,Kirby,1/4/2021,wkirbyj4@qq.com,Agender,4125 Havey Way
Cleve,Westgate,1/9/2022,cwestgatej5@w3.org,Bigender,30 Village Junction
Quinn,Benger,8/3/2021,,Female,62382 Prairieview Pass
Gweneth,Wederell,10/19/2021,gwederellj7@geocities.com,Bigender,647 Northland Junction
Babbette,Larose,9/13/2020,blarosej8@wikipedia.org,Polygender,22 Maywood Drive
Sybila,Sumers,3/3/2021,ssumersj9@360.cn,Polygender,3 Golf Course Road
Carly,Schulze,1/13/2021,cschulzeja@sakura.ne.jp,Non-binary,
Shirley,Beere,7/5/2021,sbeerejb@exblog.jp,Male,
Regan,Refford,11/17/2021,rreffordjc@1688.com,,7114 Stang Junction
Annadiane,Clist,2/3/2020,,Polygender,40161 Namekagon Plaza
Ermanno,Joye,11/13/2021,,Genderqueer,6442 Drewry Hill
Rea,Gaskarth,7/27/2021,rgaskarthjf@nationalgeographic.com,Bigender,
Dedie,Ceyssen,12/13/2020,dceyssenjg@github.io,,1398 Sycamore Pass
Hymie,Dunbleton,12/2/2021,,Genderqueer,
Carolynn,Greensted,1/19/2022,cgreenstedji@timesonline.co.uk,Male,14856 Mcbride Junction
Pansie,Picopp,12/9/2021,,Agender,56 American Junction
Nady,Wollard,9/30/2020,nwollardjk@xing.com,Polygender,
Domenic,Leaning,8/3/2021,dleaningjl@google.com.hk,Polygender,
Alis,Glancy,8/20/2020,aglancyjm@wikimedia.org,Agender,55973 Scott Road
Laurel,Isacq,7/1/2021,lisacqjn@hp.com,Agender,
Darbie,Mowbray,2/8/2021,dmowbrayjo@cbc.ca,Genderqueer,36633 Dixon Drive
Dale,Clouston,10/15/2021,dcloustonjp@comcast.net,Agender,081 Vermont Alley
Sheffield,Kinforth,4/27/2021,skinforthjq@constantcontact.com,Male,63 Boyd Pass
Bo,Thomkins,9/29/2020,bthomkinsjr@miitbeian.gov.cn,Male,14802 Karstens Park
Sheelagh,Mingay,2/15/2021,smingayjs@omniture.com,,0818 Heffernan Hill
Cosette,Dinwoodie,10/15/2021,cdinwoodiejt@vimeo.com,Non-binary,
Grier,Dzenisenka,1/10/2021,gdzenisenkaju@slate.com,,27 Rusk Hill
Tansy,Greir,2/19/2021,tgreirjv@latimes.com,,23 Prairieview Trail
Felizio,Over,5/10/2020,foverjw@bravesites.com,Non-binary,59943 Pierstorff Drive
Jorrie,Denning,1/7/2021,jdenningjx@123-reg.co.uk,,77724 Oxford Hill
Dwayne,Camell,12/15/2020,,Genderfluid,12634 Cordelia Street
Randy,Nazer,1/26/2021,rnazerjz@mapquest.com,,
Jermain,Eskriett,7/4/2021,jeskriettk0@instagram.com,,07 Eagle Crest Plaza
Barb,Lillistone,7/27/2021,,,6081 Becker Junction
Maximo,Sword,2/26/2021,mswordk2@cbsnews.com,Polygender,00 Ryan Crossing
Wanda,Sabattier,9/7/2020,wsabattierk3@ebay.co.uk,Bigender,133 Heath Way
Katharina,Thomen,11/22/2021,kthomenk4@google.cn,Agender,4681 Claremont Drive
Wylma,Streetfield,8/12/2020,wstreetfieldk5@census.gov,Genderqueer,29998 Crescent Oaks Pass
Sonja,Christensen,6/3/2020,schristensenk6@oaic.gov.au,Polygender,03287 Oak Valley Crossing
Kevyn,Beinke,1/2/2021,kbeinkek7@wordpress.com,Female,59753 Clyde Gallagher Court
Nevin,Couroy,10/26/2021,ncouroyk8@cpanel.net,Bigender,
Tracie,Arends,2/21/2021,tarendsk9@fc2.com,Agender,
Theressa,Sheering,11/1/2021,tsheeringka@hp.com,Bigender,
Jourdain,Brimilcombe,2/26/2020,jbrimilcombekb@time.com,Bigender,0462 Mariners Cove Junction
Mariette,Spears,8/11/2021,mspearskc@adobe.com,Female,
Julie,Ollivierre,8/5/2021,jollivierrekd@icq.com,Agender,442 Sycamore Point
Carmelia,Mashal,7/12/2020,,Genderfluid,613 Tomscot Center
Saunder,Gapper,12/29/2020,sgapperkf@ovh.net,Genderqueer,7827 Cascade Crossing
Hanna,Tethacot,3/3/2021,htethacotkg@twitpic.com,Genderfluid,3647 Pennsylvania Trail
Shaw,Coltart,1/22/2022,scoltartkh@comsenz.com,Genderqueer,954 Gale Avenue
Willy,,8/20/2020,wfisheki@phpbb.com,Female,6802 Elka Way
Karlen,Gyles,1/20/2021,kgyleskj@vkontakte.ru,Non-binary,3507 Fallview Trail
Sherwood,Penney,9/10/2021,spenneykk@sitemeter.com,,05226 Stang Lane
Matias,Winnard,12/29/2021,mwinnardkl@ning.com,Polygender,210 Farmco Avenue
Jules,Bumford,4/4/2021,jbumfordkm@independent.co.uk,Agender,8 West Lane
Robin,Dean,6/14/2020,rdeankn@abc.net.au,Bigender,33 Farmco Way
Larine,Billiard,4/28/2020,lbilliardko@delicious.com,Polygender,6 Hanover Way
Melvin,Crean,4/25/2020,mcreankp@virginia.edu,Non-binary,8 Packers Pass
Gianni,Manning,11/24/2021,gmanningkq@jugem.jp,Genderfluid,6 Pawling Place
Garwin,Brawley,1/24/2021,gbrawleykr@sciencedaily.com,Genderfluid,4 Sutteridge Plaza
Willy,Dugdale,6/8/2021,,Polygender,19 Fulton Crossing
Adaline,Moubray,1/14/2022,amoubraykt@liveinternet.ru,Non-binary,6 Artisan Pass
Randal,Bahl,7/11/2020,rbahlku@businessweek.com,Genderfluid,7168 Marquette Hill
Hedwig,Simcock,10/19/2020,hsimcockkv@quantcast.com,Female,
Silvanus,Linzey,11/7/2021,slinzeykw@state.gov,Bigender,
Rosabel,Sharnock,6/25/2021,rsharnockkx@google.es,Female,701 Brown Hill
Crystie,Athy,1/3/2022,cathyky@tripadvisor.com,Agender,05 Mendota Terrace
Lilia,Kinsley,5/12/2021,lkinsleykz@amazon.co.uk,Female,98599 Havey Drive
Kippy,Doolan,8/6/2020,,Polygender,4002 Hagan Center
Lucius,Stelli,7/12/2021,lstellil1@scribd.com,Genderqueer,07922 Corben Plaza
Nora,Darker,3/8/2020,,Female,6881 Evergreen Pass
Robby,Elner,1/3/2022,relnerl3@geocities.jp,Non-binary,30 Larry Alley
Neall,Pridgeon,6/25/2020,npridgeonl4@wiley.com,Male,65913 Memorial Plaza
Toddie,Divisek,9/17/2020,tdivisekl5@php.net,Non-binary,352 Westend Pass
Othelia,Peddar,3/16/2021,opeddarl6@symantec.com,Polygender,36697 Fulton Center
Nial,Cerman,8/22/2020,ncermanl7@cbc.ca,,20944 Grim Plaza
Shirley,Jore,3/30/2020,sjorel8@hostgator.com,Genderfluid,0408 Bellgrove Center
Vassily,Dymock,7/4/2020,vdymockl9@homestead.com,,508 Muir Trail
Annalee,Slimon,5/29/2020,aslimonla@state.tx.us,Female,0756 Kinsman Hill
Rossie,Reiner,10/22/2021,rreinerlb@360.cn,Female,238 Tennyson Center
Rog,Rembrant,6/12/2021,rrembrantlc@1688.com,Genderqueer,
Glen,Tree,9/5/2021,gtreeld@japanpost.jp,Genderqueer,
Rafael,Pickaver,5/27/2020,rpickaverle@psu.edu,,51800 Dayton Drive
Martica,Ruler,6/12/2020,mrulerlf@51.la,,
Caye,Osgardby,4/6/2021,cosgardbylg@cisco.com,Bigender,
Hallsy,Bickerdike,6/22/2020,hbickerdikelh@storify.com,,77445 Linden Lane
Reggie,Foakes,1/18/2021,rfoakesli@canalblog.com,Polygender,8 Sullivan Park
Emilia,Proudlove,12/14/2020,eproudlovelj@angelfire.com,Non-binary,
Carlin,Upward,3/6/2020,cupwardlk@webnode.com,Male,5 Eggendart Pass
Arlen,Binne,4/17/2020,abinnell@a8.net,Agender,2755 Hovde Street
Aeriell,Hucker,11/15/2020,ahuckerlm@stumbleupon.com,,18 Derek Way
Aridatha,Tonn,11/30/2020,atonnln@spotify.com,Non-binary,9 Marquette Lane
Denyse,Greeno,12/15/2020,dgreenolo@goodreads.com,Non-binary,
Kenny,Vernazza,6/24/2021,,Genderqueer,
Mycah,Dauber,8/13/2021,mdauberlq@goodreads.com,Non-binary,0 Loomis Park
Hershel,Lyddy,10/2/2020,hlyddylr@webnode.com,Polygender,47404 Canary Center
Noreen,,5/21/2021,ncapellels@comsenz.com,Bigender,07207 Ruskin Place
Tabbatha,Kernley,12/17/2020,tkernleylt@miibeian.gov.cn,Male,
Klemens,Warboy,12/24/2020,,Genderqueer,8315 Lerdahl Place
Ozzy,O'Hartnett,4/15/2020,oohartnettlv@latimes.com,Bigender,158 Schlimgen Place
Vitia,Robertz,8/20/2021,vrobertzlw@home.pl,Non-binary,91684 Hoepker Lane
Bobbette,Colhoun,5/20/2021,bcolhounlx@who.int,Bigender,2316 Mcguire Terrace
Helli,Stacey,1/27/2021,hstaceyly@nature.com,Bigender,50240 Carey Parkway
Lynna,Pitone,9/8/2020,lpitonelz@eepurl.com,,173 Muir Parkway
Boote,Tomadoni,2/15/2021,btomadonim0@mac.com,Polygender,45134 Calypso Circle
Trstram,Stranger,3/6/2021,tstrangerm1@blogspot.com,,3 Reinke Park
Ricki,Beglin,11/11/2021,,Bigender,45 Melody Drive
Jerry,Mattinson,7/16/2021,jmattinsonm3@adobe.com,Genderqueer,86132 Debs Avenue
Patti,Treherne,9/13/2020,ptrehernem4@wordpress.com,,037 Schmedeman Parkway
Fabio,Peeke,7/13/2021,fpeekem5@linkedin.com,,070 School Lane
Demetria,Derr,3/20/2021,dderrm6@facebook.com,Polygender,5 David Street
Anatole,Austins,10/30/2021,aaustinsm7@oakley.com,Female,4847 Birchwood Junction
Laurence,Hares,7/25/2020,lharesm8@wikispaces.com,Female,050 Prairieview Drive
Chiarra,Springthorp,1/25/2021,cspringthorpm9@cpanel.net,Agender,4281 Schlimgen Place
Rikki,Paschek,1/20/2022,rpaschekma@earthlink.net,,92 Forest Dale Place
Fina,Children,1/29/2020,fchildrenmb@cbsnews.com,Male,
Dewitt,Hector,10/22/2021,dhectormc@hatena.ne.jp,Male,8109 Bluejay Point
Gretal,Blanchet,1/21/2021,gblanchetmd@nifty.com,Genderqueer,4102 Rieder Center
Goldia,Winnard,7/8/2020,gwinnardme@acquirethisname.com,Female,01 Burrows Circle
Rebekkah,,6/19/2021,rchengmf@qq.com,Non-binary,4539 Kings Drive
Teodoor,Locks,9/6/2020,tlocksmg@cpanel.net,Bigender,
Jerry,Vasyutichev,4/26/2020,,Female,926 Artisan Drive
Stephannie,Cabral,7/14/2020,,Polygender,47 Hoffman Drive
Sileas,Thatcham,10/3/2020,sthatchammj@drupal.org,,03637 Swallow Road
Rubie,,12/11/2020,rrosenzveigmk@nbcnews.com,Female,84 Waxwing Terrace
Alicea,Noir,8/19/2020,anoirml@nsw.gov.au,Non-binary,7 Brentwood Parkway
Homer,Brabender,8/2/2021,,Bigender,589 Village Center
Minnaminnie,Blackader,1/24/2022,mblackadermn@is.gd,Genderqueer,35296 Lunder Parkway
Willa,Onraet,11/28/2020,wonraetmo@bloglines.com,,36650 Orin Center
Quentin,McGrowther,1/7/2021,qmcgrowthermp@yahoo.com,Non-binary,167 Waubesa Street
Faulkner,Harman,11/30/2021,,Male,
Angus,Boath,9/6/2021,aboathmr@exblog.jp,Female,55610 Rowland Terrace
Elvera,de Clerq,4/15/2021,edeclerqms@bloomberg.com,Male,4512 Summerview Street
Fanya,Saphir,7/21/2020,fsaphirmt@oakley.com,Agender,
Hernando,Pollack,1/28/2020,hpollackmu@imdb.com,Genderfluid,
Roslyn,Dibbin,6/9/2021,rdibbinmv@icq.com,Genderqueer,
Sissy,Powney,8/14/2020,spowneymw@usa.gov,Genderqueer,5552 Hagan Avenue
Sissie,Durnian,9/26/2020,sdurnianmx@twitpic.com,,81446 Almo Junction
Jannelle,Satchell,1/29/2020,,Bigender,81941 Brown Way
Standford,Gouny,7/28/2020,sgounymz@sun.com,Non-binary,22 Leroy Park
Shepard,Bernaert,3/22/2020,sbernaertn0@1und1.de,Genderfluid,945 Corry Plaza
Michele,Hogben,12/11/2021,mhogbenn1@wiley.com,Agender,4666 Daystar Lane
Myrtice,Blakeway,11/19/2020,mblakewayn2@networkadvertising.org,Male,8 Division Junction
Pete,Ceeley,3/24/2021,pceeleyn3@toplist.cz,Female,
Morse,Maleham,6/23/2021,mmalehamn4@stanford.edu,Genderqueer,
Xenia,Corness,12/14/2020,xcornessn5@taobao.com,Non-binary,62 Northfield Pass
Nolan,Karlicek,11/1/2021,nkarlicekn6@meetup.com,Polygender,0637 Macpherson Drive
Ettore,Jesse,12/2/2021,ejessen7@businesswire.com,Non-binary,783 Thompson Hill
Merwyn,Arderne,5/18/2021,,Genderfluid,678 Sunbrook Way
Aldo,Guys,5/21/2021,aguysn9@buzzfeed.com,Genderqueer,
Sharla,Linay,12/29/2020,slinayna@cbsnews.com,Agender,
Benito,Venney,9/30/2020,bvenneynb@hhs.gov,Polygender,73 Reinke Crossing
Lolly,Punchard,11/28/2021,,Female,
Rochester,Meader,11/21/2021,rmeadernd@yellowbook.com,Genderfluid,9 Hooker Alley
Carine,Domb,3/28/2021,cdombne@delicious.com,Non-binary,5877 Hudson Drive
Mei,Pendry,6/6/2021,mpendrynf@barnesandnoble.com,Non-binary,7607 Kinsman Way
Nils,Carnock,10/2/2021,ncarnockng@devhub.com,Genderqueer,
Jose,Desquesnes,2/23/2021,jdesquesnesnh@hud.gov,Genderfluid,11 Talisman Street
Candie,O'Keenan,1/10/2021,cokeenanni@google.it,Polygender,03 Miller Parkway
Mechelle,Blumson,5/28/2021,mblumsonnj@admin.ch,,
Lyssa,Ducastel,12/7/2021,lducastelnk@sciencedirect.com,Polygender,
Mallissa,Scoyles,4/27/2020,mscoylesnl@japanpost.jp,,92 Hallows Junction
Austin,Fawloe,1/20/2022,afawloenm@cam.ac.uk,Genderfluid,
Vasily,Proctor,2/19/2020,,,99 Crescent Oaks Avenue
Camey,Chapell,5/6/2021,cchapellno@mysql.com,,60 Derek Lane
Vail,Evert,10/14/2020,vevertnp@drupal.org,Male,0339 Hayes Junction
Johnnie,Foro,4/20/2021,jforonq@liveinternet.ru,Agender,9582 Macpherson Court
Hyatt,McKean,3/16/2021,hmckeannr@phoca.cz,Genderfluid,5 Sycamore Avenue
Reinwald,Dubois,3/8/2020,rduboisns@slideshare.net,Non-binary,8799 Prairie Rose Terrace
Antoni,Ouver,7/30/2021,aouvernt@google.com.hk,Bigender,140 Grayhawk Pass
Filippa,Sentance,1/5/2022,fsentancenu@bandcamp.com,Male,16 Texas Point
Dolf,Douty,12/5/2020,ddoutynv@weebly.com,Non-binary,
Madalyn,Dalgarnocht,4/6/2020,mdalgarnochtnw@mit.edu,Non-binary,
Barnaby,Dinkin,8/5/2020,bdinkinnx@tiny.cc,Polygender,29466 Northwestern Junction
Giorgia,Whimper,1/5/2022,gwhimperny@kickstarter.com,Female,
Gino,Grosier,7/24/2021,ggrosiernz@discuz.net,,
Bertine,Linzey,5/4/2021,,Genderfluid,77026 Maple Circle
Loree,Klus,2/27/2021,,Agender,31 Norway Maple Circle
Freddi,Medland,8/2/2021,fmedlando2@reference.com,,0716 Northridge Trail
Aurel,,7/31/2021,amelioro3@joomla.org,,
Myer,Doxsey,10/28/2021,mdoxseyo4@google.cn,,
Ollie,Hewes,1/2/2021,oheweso5@xrea.com,,610 Monument Center
Sonny,Gorke,5/4/2020,sgorkeo6@intel.com,,
Dotti,Lipsett,5/2/2021,,Non-binary,90 Grasskamp Alley
Allissa,Watson,11/9/2020,awatsono8@addtoany.com,Genderqueer,6353 Vahlen Circle
Genni,Pawlaczyk,10/20/2021,gpawlaczyko9@com.com,Bigender,15671 Fairview Place
Renie,Tremblot,9/9/2021,rtremblotoa@merriam-webster.com,Genderqueer,65 Katie Hill
Had,Tressler,3/31/2021,htresslerob@myspace.com,,19 Luster Drive
Ilyssa,Biggans,4/3/2021,ibiggansoc@behance.net,Female,96844 Butterfield Park
Clarie,Dodds,7/17/2021,cdoddsod@ftc.gov,Genderfluid,94 Paget Lane
Hanan,MacPhee,1/7/2022,hmacpheeoe@fda.gov,Female,41648 3rd Circle
Eberhard,Filppetti,2/29/2020,efilppettiof@marketwatch.com,,3 Montana Court
Eva,Dwine,11/7/2021,edwineog@home.pl,Genderfluid,86 Waywood Center
Nora,Wallworke,10/6/2021,nwallworkeoh@infoseek.co.jp,Agender,679 Chive Circle
Sena,Hankinson,1/21/2021,shankinsonoi@artisteer.com,,82 Hagan Parkway
Bernetta,Drydale,6/17/2021,bdrydaleoj@pagesperso-orange.fr,Non-binary,8 Crowley Place
Drusy,Avramovsky,11/5/2020,davramovskyok@wisc.edu,,48 Magdeline Plaza
Angel,Sedgwick,9/9/2020,asedgwickol@pinterest.com,,01 Macpherson Crossing
Quinn,Rumke,2/8/2020,qrumkeom@ask.com,Genderfluid,83 Eggendart Plaza
Byron,Bardnam,11/19/2020,bbardnamon@cloudflare.com,Female,
Lonee,Drewe,10/1/2020,ldreweoo@networksolutions.com,Polygender,81609 Welch Parkway
Barbette,Redsull,7/23/2021,,Agender,08 Myrtle Center
Arvy,Lamb-shine,4/29/2020,alambshineoq@deliciousdays.com,Polygender,6 Wayridge Alley
Roana,Colmore,4/15/2021,rcolmoreor@google.de,Genderqueer,2744 Meadow Vale Place
Robbin,Kite,12/31/2020,rkiteos@wp.com,Polygender,7751 Shoshone Pass
Shepperd,Walters,12/1/2020,swaltersot@creativecommons.org,,0 Esch Street
Hardy,Flott,4/4/2020,hflottou@tinyurl.com,Genderqueer,8121 Glendale Parkway
Caresse,Marling,8/31/2021,cmarlingov@nasa.gov,,400 Meadow Vale Street
Gradey,Stearns,6/4/2021,gstearnsow@hostgator.com,Male,03661 Donald Road
Harwilll,Spooner,12/31/2021,hspoonerox@dion.ne.jp,Bigender,
Mureil,Rackham,6/26/2021,mrackhamoy@disqus.com,Genderfluid,5310 Dwight Trail
Denice,Jessope,10/14/2020,djessopeoz@chicagotribune.com,Polygender,353 Petterle Drive
Mill,Millins,11/2/2021,mmillinsp0@tripadvisor.com,Male,22 Maywood Way
Rooney,Daile,12/25/2021,,Agender,1403 Burning Wood Way
Peta,Wenger,1/30/2021,pwengerp2@unblog.fr,Agender,
Jourdan,Guinery,2/9/2020,jguineryp3@dagondesign.com,,90011 Annamark Park
Wileen,Cloake,8/23/2020,wcloakep4@mail.ru,Agender,038 Mcbride Pass
Nickey,Phonix,5/4/2020,,Genderqueer,
Sherwin,Berre,10/6/2020,sberrep6@cyberchimps.com,Non-binary,68 Lunder Center
Lexis,Turpin,1/9/2022,,Female,6977 Clyde Gallagher Drive
Wright,Itzkovitch,6/21/2021,witzkovitchp8@goodreads.com,Non-binary,0 Messerschmidt Place
Kleon,Galton,8/9/2020,,Genderfluid,9 Porter Pass
Mitchell,Sugg,6/1/2020,msuggpa@list-manage.com,Genderfluid,4167 Bellgrove Street
Benetta,Wooles,1/17/2021,bwoolespb@go.com,Genderfluid,47 Harper Crossing
Timmie,Nutley,11/5/2021,tnutleypc@dot.gov,Genderqueer,935 Carioca Plaza
Hermy,Dionisetti,12/22/2021,hdionisettipd@ezinearticles.com,Polygender,380 Grover Road
Tabbi,Epton,1/16/2022,teptonpe@auda.org.au,,850 Onsgard Avenue
Hilliary,McCambrois,7/16/2020,hmccambroispf@histats.com,,00553 Menomonie Point
Stephanus,O'Fergus,7/23/2020,soferguspg@sogou.com,,13 Ohio Way
Lenard,Tokell,2/3/2020,ltokellph@cyberchimps.com,Agender,1845 Spohn Circle
Faulkner,Currington,4/29/2020,fcurringtonpi@irs.gov,Genderqueer,01658 Transport Park
Tomasina,Risbridger,10/22/2020,trisbridgerpj@yellowpages.com,,750 Armistice Street
Odell,Wigin,5/14/2021,owiginpk@spotify.com,,
Daffie,Andrzejewski,2/2/2021,dandrzejewskipl@statcounter.com,,2 Washington Junction
Donny,Gillitt,10/1/2020,dgillittpm@narod.ru,Bigender,451 Utah Hill
Dasi,Bertomieu,11/24/2020,dbertomieupn@zdnet.com,,8 Stuart Crossing
Ivy,Mougel,2/8/2021,imougelpo@addtoany.com,Bigender,7 Dawn Hill
Drucill,Mant,8/3/2021,dmantpp@1und1.de,Genderqueer,
Bradley,Grimsey,4/28/2020,bgrimseypq@oakley.com,Agender,92011 Armistice Lane
Silvanus,,12/28/2020,,Agender,484 Gerald Point
Carling,Housego,6/5/2020,chousegops@yellowpages.com,Female,98214 Hagan Lane
Electra,Ingilson,2/11/2020,eingilsonpt@imageshack.us,Male,
Roxanne,Paslow,8/18/2020,rpaslowpu@google.co.jp,Genderqueer,645 Pepper Wood Hill
Yuri,Harnell,12/26/2021,,Male,177 Oak Valley Junction
Deane,Kynge,4/2/2021,,,57 Magdeline Road
Kipp,Camilli,10/1/2020,,Bigender,24493 Iowa Lane
Dell,Ridgewell,3/18/2020,dridgewellpy@wordpress.com,Female,123 Lake View Court
Marita,Jinkinson,7/13/2020,mjinkinsonpz@msu.edu,Female,52454 Grasskamp Parkway
Koo,Sone,2/6/2021,ksoneq0@telegraph.co.uk,Bigender,6133 Hoffman Lane
Red,Cruddace,5/16/2020,rcruddaceq1@nasa.gov,Male,61070 Crowley Road
Aharon,McGahern,3/6/2021,amcgahernq2@qq.com,Bigender,413 John Wall Lane
Margareta,Harron,9/3/2020,mharronq3@mtv.com,Genderqueer,548 Eastlawn Way
Kennan,Mingardi,11/17/2021,kmingardiq4@kickstarter.com,Genderqueer,53499 Vernon Parkway
Benyamin,Giddy,1/8/2022,,,55365 Calypso Lane
Lillis,Ranger,7/28/2020,lrangerq6@hubpages.com,Genderqueer,91 Moland Parkway
Annabal,Chirm,12/26/2021,achirmq7@who.int,Male,6666 Clemons Pass
Leonanie,Griffitts,7/14/2020,lgriffittsq8@booking.com,Agender,9518 Magdeline Court
Timothea,Houlworth,8/29/2020,thoulworthq9@bandcamp.com,Female,
Lyn,Diwell,10/3/2020,,Male,4415 Northfield Alley
Clare,Carmel,11/28/2020,ccarmelqb@biglobe.ne.jp,Genderfluid,59847 Blue Bill Park Point
Elvina,Caldeiro,4/20/2021,ecaldeiroqc@wordpress.org,Genderqueer,7198 Commercial Point
Dennie,Jerzyk,11/28/2020,djerzykqd@upenn.edu,Agender,615 8th Alley
Melanie,Fabbro,12/1/2020,mfabbroqe@etsy.com,Polygender,01 Lindbergh Circle
Hilton,Carlet,1/26/2022,hcarletqf@cbslocal.com,,742 Westend Hill
Beck,Tippetts,1/14/2021,btippettsqg@list-manage.com,,9 Rutledge Pass
Celka,Quadling,1/25/2021,cquadlingqh@howstuffworks.com,Bigender,
Fitz,Baldrick,7/17/2021,,Agender,850 Village Drive
Jilleen,Grubey,5/22/2021,jgrubeyqj@engadget.com,Genderqueer,
Josh,Greguoli,5/4/2021,jgreguoliqk@qq.com,Agender,
Wilone,Charpling,5/8/2020,wcharplingql@taobao.com,,5052 Charing Cross Circle
Aylmar,Bailie,7/26/2020,,Genderqueer,75 Lawn Road
Kylie,Colquit,4/11/2020,kcolquitqn@cargocollective.com,Genderfluid,801 Waywood Place
Caren,Flacke,3/28/2021,cflackeqo@symantec.com,Agender,
Minnie,Canada,2/16/2020,mcanadaqp@redcross.org,Bigender,4 Sherman Junction
Tore,Grevile,12/12/2020,tgrevileqq@accuweather.com,Bigender,
Orlando,Samweyes,12/16/2021,osamweyesqr@unc.edu,Agender,027 Marcy Parkway
Garreth,Gynni,7/3/2021,ggynniqs@creativecommons.org,Non-binary,
Merrel,Sweet,8/23/2021,msweetqt@tuttocitta.it,Bigender,8 Daystar Lane
Isis,Markwelley,8/6/2020,imarkwelleyqu@exblog.jp,Male,4532 Orin Point
Suzy,Bottoms,9/25/2020,,,4288 Stuart Avenue
Grant,Shillabeare,6/11/2021,gshillabeareqw@sitemeter.com,Genderqueer,11 Manitowish Way
Oneida,Verner,1/9/2022,overnerqx@elegantthemes.com,Genderqueer,93569 Oak Place
Belvia,Brickwood,11/18/2021,,Non-binary,75415 Monument Lane
Keely,Nazer,7/29/2021,knazerqz@scientificamerican.com,Female,
Kristal,Top,3/27/2021,ktopr0@nationalgeographic.com,Female,8 Aberg Park
Kasper,Harriman,10/4/2021,kharrimanr1@unblog.fr,Agender,75385 Wayridge Court
Hailey,Cruikshank,3/9/2021,hcruikshankr2@businessinsider.com,Bigender,55 Pennsylvania Court
Carlo,Barwood,3/24/2021,cbarwoodr3@un.org,,3 West Street
Anet,Poynton,10/17/2021,apoyntonr4@nsw.gov.au,Genderqueer,
Ulla,Edgehill,3/1/2020,uedgehillr5@ustream.tv,Polygender,571 Village Green Plaza
Haskell,Merida,1/4/2022,hmeridar6@51.la,,910 Petterle Place
Morton,Tomlins,5/27/2021,,Agender,94598 Fieldstone Point
Esma,Cowcha,7/28/2021,ecowchar8@wordpress.org,Female,621 7th Lane
Nanice,Hurle,8/10/2020,nhurler9@shinystat.com,Polygender,590 John Wall Drive
Aurel,McGeown,6/12/2021,amcgeownra@booking.com,Bigender,8 Mallory Drive
Borg,Maddin,9/5/2020,bmaddinrb@prweb.com,Non-binary,8 Meadow Valley Point
Katy,Samworth,8/30/2021,ksamworthrc@businesswire.com,Agender,39834 4th Hill
Jobie,Sulter,4/28/2020,jsulterrd@marketwatch.com,Polygender,043 Ridge Oak Trail
Emlynne,Andriveau,12/7/2020,eandriveaure@tinyurl.com,Female,5307 Prairie Rose Drive
Merralee,Canedo,11/17/2020,,Genderfluid,
Bella,Bartozzi,6/2/2021,,Genderfluid,20 Delaware Street
Sella,Crompton,6/30/2021,scromptonrh@symantec.com,Genderqueer,8478 Union Junction
Page,Jephcott,1/1/2021,pjephcottri@amazonaws.com,Polygender,716 Vidon Road
Delilah,Renault,8/18/2020,,Genderqueer,3 Bellgrove Crossing
Orbadiah,Lavington,11/20/2020,olavingtonrk@icio.us,,546 Lindbergh Junction
Dario,Gladhill,5/7/2021,dgladhillrl@columbia.edu,Genderqueer,56 Debra Alley
Paloma,Aylwin,11/1/2021,paylwinrm@soundcloud.com,Male,5000 Cordelia Court
Arlen,,2/19/2021,amckernanrn@purevolume.com,Female,236 Barby Crossing
Bailey,Annable,6/29/2020,bannablero@bluehost.com,Bigender,10 Pearson Park
Iggy,Guinane,1/10/2021,,Female,6 South Hill
Alexander,Brabben,10/11/2020,abrabbenrq@dell.com,Agender,1224 Iowa Pass
Frants,Baraclough,12/4/2020,fbaracloughrr@webmd.com,Male,9613 Schiller Hill
